Name;Position;;;;;
2-N11-804-2;;;;;;
;;;;;;
;;;;;;
3-F8-802;;;;;;
3-F8-801;;;;;;
M-03-0-2;;;;;;
2-N1-304-1;;;;;;
2-N11-703-1;;;;;;
;;;;;;
2-F1-404;;;;;;
2-N9-604-2;;;;;;
2-N9-602-1;;;;;;
2-O5-302-2;;;;;;
;;;;;;
2-N15-804-1;;;;;;
2-N7-801-1;;;;;;
M-02-4-4;;;;;;
M-02-4-3;;;;;;
2-N15-801-2;;;;;;
2-L2-404-1;;;;;;
M-01-6-5;;;;;;
2-O1-703-2;;;;;;
M-05-1-4;;;;;;
2-N7-603-1;;;;;;
L-16-1-3-5;;;;;;
2-J1-304;;;;;;
N-03-1-5-4;;;;;;
M-05-5-5;;;;;;
M-03-1-1;;;;;;
;;;;;;
2-N1-305-1;;;;;;
;;;;;;
2-L5-103;;;;;;
2-N9-602-2;;;;;;
2-N15-801-6;;;;;;
2-L2-403-1;;;;;;
2-K1-304-1;;;;;;
2-N13-601-1;;;;;;
;;;;;;
3-F8-803;;;;;;
;;;;;;
;;;;;;
2-F1-604-1;;;;;;
2-N15-802-1;;;;;;
;;;;;;
2-K5-201;;;;;;
2-K5-202;;;;;;
2-N11-705-4;;;;;;
2-L4-401-4;;;;;;
2-J1-109;;;;;;
;;;;;;
N-01-4-2-1;;;;;;
2-N13-603-1;;;;;;
2-F1-401;;;;;;
;;;;;;
2-N15-701-1;;;;;;
N-03-4-2-3;;;;;;
2-M3-104-1;;;;;;
N-03-4-1-4;;;;;;
2-I13-809;;;;;;
M-04-6-3-2;;;;;;
2-O5-804-1;;;;;;
N-07-1-2-2;;;;;;
2-N5-701;;;;;;
;;;;;;
N-03-1-5-6;;;;;;
2-L3-504;;;;;;
R24-014-07;;;;;;
2-N15-704-3;;;;;;
2-N3-602-2;;;;;;
2-N15-602-1;;;;;;
;;;;;;
;;;;;;
2-N3-204-1;;;;;;
2-K3-602;;;;;;
2-K3-402-2;;;;;;
2-I3-302;;;;;;
2-L4-201;;;;;;
2-J1-206;;;;;;
;;;;;;
2-L2-602;;;;;;
2-L3-505;;;;;;
M-03-7-12;;;;;;
2-F1-605;;;;;;
L-19-1;;;;;;
N-07-3-4-3;;;;;;
N-03-3-1-1;;;;;;
2-J1-203;;;;;;
2-N17-305-3;;;;;;
;;;;;;
;;;;;;
;;;;;;
3-B2-601;;;;;;
2-K6-501;;;;;;
2-K6-503;;;;;;
2-N9-301-1;;;;;;
L-16-2-4;;;;;;
2-I8-304;;;;;;
3-H1-305;;;;;;
;;;;;;
2-J1-202;;;;;;
N-03-5-5-4;;;;;;
2-I7-302;;;;;;
3-F5-102;;;;;;
N-05-5-2-1;;;;;;
2-N15-704-1;;;;;;
2-M5-103-1;;;;;;
;;;;;;
N-05-3-4-4;;;;;;
2-J6-501;;;;;;
2-N7-202-3;;;;;;
2-L2-401-1;;;;;;
2-I7-401-1;;;;;;
2-N1-304-4;;;;;;
2-O5-801-1;;;;;;
M-05-6-1;;;;;;
2-N5-404-2;;;;;;
;;;;;;
2-I7-405-1;;;;;;
2-N3-603-1;;;;;;
2-N3-603-2;;;;;;
2-N5-704-6;;;;;;
;;;;;;
2-O3-601-1;;;;;;
N-03-5-4-3;;;;;;
;;;;;;
;;;;;;
2-K1-304-4;;;;;;
2-N11-504-2;;;;;;
N-07-1-4-1;;;;;;
2-N5-601-1;;;;;;
2-I7-405-2;;;;;;
2-M5-101-2;;;;;;
2-F1-402;;;;;;
2-N1-202-1;;;;;;
2-N1-304-2;;;;;;
;;;;;;
2-N11-503-2;;;;;;
;;;;;;
2-N17-203-4;;;;;;
2-N17-203-1;;;;;;
2-F1-701;;;;;;
2-H2-505-1;;;;;;
2-G2-404;;;;;;
2-I1-603;;;;;;
2-H2-803;;;;;;
2-F1-304;;;;;;
2-N3-305-2;;;;;;
;;;;;;
2-N3-303-2;;;;;;
2-N1-305-4;;;;;;
2-N3-202-1;;;;;;
2-N7-803-1;;;;;;
;;;;;;
;;;;;;
2-N1-305-5;;;;;;
2-N1-201-1;;;;;;
2-M5-103-4;;;;;;
M-06-4-3-2;;;;;;
2-N1-702-1;;;;;;
L-16-4-6;;;;;;
2-L2-604;;;;;;
2-J1-201;;;;;;
N-03-1-5-3;;;;;;
2-K7-504;;;;;;
2-N11-501-1;;;;;;
;;;;;;
2-N3-402-3;;;;;;
;;;;;;
2-J4-501;;;;;;
2-J2-501;;;;;;
3-F7-301;;;;;;
3-B4-302;;;;;;
2-G9-402;;;;;;
;;;;;;
2-N17-204-3;;;;;;
2-N3-703-1;;;;;;
2-N3-305-1;;;;;;
2-M1-601;;;;;;
;;;;;;
2-I11-504-1;;;;;;
2-I13-501-1;;;;;;
;;;;;;
2-M1-401-3;;;;;;
2-N3-304-6;;;;;;
2-N1-204-1;;;;;;
2-M1-404-1;;;;;;
2-M1-403-5;;;;;;
2-N3-701-2;;;;;;
2-M1-102-3;;;;;;
2-M1-104-6;;;;;;
N-05-4-2-3;;;;;;
;;;;;;
;;;;;;
2-H2-705-2;;;;;;
2-N3-701-1;;;;;;
2-O5-503-1;;;;;;
;;;;;;
2-N3-402-4;;;;;;
2-N7-604-1;;;;;;
;;;;;;
;;;;;;
L-17-13;;;;;;
2-N3-504-1;;;;;;
2-L3-403-4;;;;;;
N-03-2-1-3;;;;;;
2-G2-505;;;;;;
2-N1-205-2;;;;;;
2-M5-402-4;;;;;;
2-N3-704-3;;;;;;
;;;;;;
;;;;;;
;;;;;;
2-N9-604-1;;;;;;
2-L2-502;;;;;;
3-B4-401;;;;;;
2-G9-502;;;;;;
2-N3-303-1;;;;;;
2-L2-702;;;;;;
2-L2-701;;;;;;
;;;;;;
;;;;;;
2-I11-702;;;;;;
N-03-0-4-3;;;;;;
3-A2-501;;;;;;
3-A2-502;;;;;;
3-B2-602;;;;;;
3-B2-603;;;;;;
3-D2-202;;;;;;
RL5-25;;;;;;
2-K6-605;;;;;;
;;;;;;
2-M5-101-6;;;;;;
2-L3-101;;;;;;
2-N3-401-1;;;;;;
2-L7-602;;;;;;
R19-071;;;;;;
2-N13-602-1;;;;;;
;;;;;;
2-M5-105-4;;;;;;
2-M1-504-1;;;;;;
2-N15-804-6;;;;;;
L-12-0-3-1;;;;;;
;;;;;;
2-M1-401-5;;;;;;
;;;;;;
;;;;;;
N-03-0-5-1;;;;;;
2-J1-111;;;;;;
2-G2-303;;;;;;
2-I3-102;;;;;;
;;;;;;
2-G2-305;;;;;;
2-I1-505;;;;;;
2-I1-305;;;;;;
2-G2-403;;;;;;
2-G2-401;;;;;;
2-G2-703;;;;;;
2-H2-604-3;;;;;;
2-G2-705;;;;;;
2-H2-604-2;;;;;;
2-H2-401-1;;;;;;
M-05-5-1;;;;;;
M-06-4-1-3;;;;;;
2-G2-704;;;;;;
2-G2-402;;;;;;
2-G2-802;;;;;;
2-I1-504-1;;;;;;
2-H5-201;;;;;;
2-I1-703;;;;;;
2-I5-502;;;;;;
2-G2-804;;;;;;
;;;;;;
2-N11-805-2;;;;;;
2-K1-301-1;;;;;;
2-I1-604;;;;;;
2-I1-404;;;;;;
2-H2-801;;;;;;
2-G2-604;;;;;;
2-G5-501;;;;;;
2-H2-605-2;;;;;;
;;;;;;
;;;;;;
2-F1-601-2;;;;;;
;;;;;;
2-F1-601-1;;;;;;
3-F5-101;;;;;;
3-F7-103;;;;;;
3-F7-102;;;;;;
2-K6-103;;;;;;
2-G2-304;;;;;;
2-L2-607;;;;;;
2-L2-605;;;;;;
2-N17-305-2;;;;;;
N-03-2-5-5;;;;;;
2-N17-204-1;;;;;;
2-N17-203-2;;;;;;
2-L4-101;;;;;;
;;;;;;
2-F1-705;;;;;;
2-N17-204-5;;;;;;
2-F1-704;;;;;;
2-I3-501;;;;;;
2-L5-502;;;;;;
2-L3-503;;;;;;
2-L5-401-1;;;;;;
2-L5-507;;;;;;
2-L1-501;;;;;;
2-K1-203;;;;;;
2-M1-102-4;;;;;;
;;;;;;
2-J4-508;;;;;;
2-J4-507;;;;;;
2-J4-503;;;;;;
2-K4-502;;;;;;
3-A3-302;;;;;;
3-A1-302;;;;;;
2-J4-604;;;;;;
2-J4-605;;;;;;
2-K6-502;;;;;;
2-K2-402-3;;;;;;
3-A3-301;;;;;;
2-K6-504;;;;;;
M-03-6-2;;;;;;
2-N5-703-1;;;;;;
2-N5-702-1;;;;;;
2-N5-702-3;;;;;;
2-N5-701-3;;;;;;
2-N5-702-2;;;;;;
2-N13-602-2;;;;;;
M-10-08;;;;;;
2-N5-601-2;;;;;;
2-N3-703-3;;;;;;
2-N15-801-5;;;;;;
2-N11-704-4;;;;;;
2-N11-704-1;;;;;;
2-N11-704-2;;;;;;
2-N11-704-3;;;;;;
2-N11-702-4;;;;;;
2-N11-702-2;;;;;;
2-N1-203-1;;;;;;
2-I7-207;;;;;;
2-N7-605-2;;;;;;
2-N15-704-2;;;;;;
N-03-4-3-3;;;;;;
2-N17-401-1;;;;;;
2-N3-704-1;;;;;;
;;;;;;
2-G2-204;;;;;;
M-06-4-2-4;;;;;;
2-I13-806;;;;;;
N-07-3-1-4;;;;;;
M-06-5-4-5;;;;;;
2-O5-404-1;;;;;;
;;;;;;
L-19-4;;;;;;
N-07-5-5-3;;;;;;
2-N7-701-1;;;;;;
2-N15-702-1;;;;;;
2-M3-203-1;;;;;;
2-M3-203-2;;;;;;
2-M3-203-3;;;;;;
2-M3-203-4;;;;;;
2-M3-203-5;;;;;;
2-M3-203-6;;;;;;
2-M3-204-2;;;;;;
2-M1-202-1;;;;;;
2-M1-202-6;;;;;;
2-M1-203-1;;;;;;
2-M1-203-2;;;;;;
2-M5-503-6;;;;;;
2-J1-306;;;;;;
2-N7-501-1;;;;;;
2-J1-301;;;;;;
2-N3-302-2;;;;;;
2-J1-107;;;;;;
2-L3-506;;;;;;
R24-135;;;;;;
N-05-5-3-1;;;;;;
2-M1-402-2;;;;;;
2-N3-703-2;;;;;;
2-N1-304-5;;;;;;
;;;;;;
R14-052;;;;;;
2-K3-603;;;;;;
2-H1-202;;;;;;
2-K7-503;;;;;;
2-N3-701-3;;;;;;
2-N13-603-5;;;;;;
2-L7-403-1;;;;;;
2-L7-402-5;;;;;;
2-L7-402-4;;;;;;
2-L7-403-2;;;;;;
2-I11-704;;;;;;
2-I11-602;;;;;;
2-N1-703-1;;;;;;
;;;;;;
;;;;;;
;;;;;;
2-H2-605-1;;;;;;
N-07-3-5-4;;;;;;
2-L7-303-5;;;;;;
2-K4-501;;;;;;
2-H1-201;;;;;;
;;;;;;
;;;;;;
2-K7-201;;;;;;
;;;;;;
2-M5-503-1;;;;;;
;;;;;;
R06-025;;;;;;
2-F1-503-1;;;;;;
2-L2-606;;;;;;
2-K1-204;;;;;;
M-03-5-4;;;;;;
2-N1-605-3;;;;;;
2-N1-703-4;;;;;;
pickware_unknown_location;;;;;;
2-K4-601;;;;;;
;;;;;;
;;;;;;
3-B4-602;;;;;;
3-A4-601;;;;;;
3-A2-603;;;;;;
3-A6-602;;;;;;
3-A6-601;;;;;;
2-I13-808;;;;;;
2-I13-403;;;;;;
2-I13-404;;;;;;
N-01-2-5-3;;;;;;
2-N7-602-1;;;;;;
2-N1-205-4;;;;;;
2-N15-601-6;;;;;;
M-06-4-4-5;;;;;;
;;;;;;
2-L2-205;;;;;;
2-K1-502-2;;;;;;
2-N3-305-4;;;;;;
2-N11-503-3;;;;;;
2-J1-302;;;;;;
2-J1-110;;;;;;
2-N7-802-2;;;;;;
2-O3-802-4;;;;;;
2-I7-602;;;;;;
R24-146-04;;;;;;
2-G9-401;;;;;;
2-G7-501;;;;;;
2-G5-502;;;;;;
2-G7-402;;;;;;
2-H3-401;;;;;;
;;;;;;
2-H5-605;;;;;;
2-L5-601;;;;;;
2-L2-101;;;;;;
2-L2-105;;;;;;
2-L3-602;;;;;;
2-L3-603;;;;;;
2-M3-401-4;;;;;;
2-M1-402-3;;;;;;
2-M1-503-5;;;;;;
2-M1-502-1;;;;;;
2-M1-609;;;;;;
2-M1-707;;;;;;
;;;;;;
;;;;;;
R17-047;;;;;;
;;;;;;
;;;;;;
;;;;;;
;;;;;;
;;;;;;
;;;;;;
;;;;;;
;;;;;;
;;;;;;
;;;;;;
;;;;;;
;;;;;;
M-02-3-2;;;;;;
2-M3-302-1;;;;;;
2-I1-301;;;;;;
2-F1-503-2;;;;;;
2-J4-602;;;;;;
2-L1-601;;;;;;
2-M3-102-1;;;;;;
2-L1-602;;;;;;
2-L5-604;;;;;;
2-M5-505-2;;;;;;
2-M1-606;;;;;;
2-G2-302;;;;;;
2-M5-605;;;;;;
2-N1-502-2;;;;;;
2-N3-702-2;;;;;;
2-O1-802-6;;;;;;
2-N7-205-1;;;;;;
2-J1-303;;;;;;
2-J1-211;;;;;;
;;;;;;
2-N1-305-6;;;;;;
2-N1-305-2;;;;;;
2-L7-205;;;;;;
2-L7-202;;;;;;
2-L7-201;;;;;;
2-N1-301-2;;;;;;
2-N1-202-3;;;;;;
2-I7-401-2;;;;;;
2-I7-402-2;;;;;;
2-I11-601;;;;;;
2-N1-201-3;;;;;;
2-M1-605;;;;;;
;;;;;;
M-04-2-4-4;;;;;;
;;;;;;
2-N3-705-3;;;;;;
;;;;;;
2-J1-108;;;;;;
2-N7-701-3;;;;;;
2-N7-702-1;;;;;;
2-N17-502-1;;;;;;
2-I1-705;;;;;;
2-L3-601;;;;;;
;;;;;;
2-N3-705-1;;;;;;
3-H1-402;;;;;;
;;;;;;
N-01-5-5-3;;;;;;
;;;;;;
L-17-03;;;;;;
2-N3-304-3;;;;;;
2-M3-608;;;;;;
2-F3-401;;;;;;
2-M3-404-3;;;;;;
2-K4-506;;;;;;
2-I8-504;;;;;;
2-N3-304-4;;;;;;
2-K5-103;;;;;;
2-K5-102;;;;;;
2-L7-304-1;;;;;;
2-L7-302-4;;;;;;
2-L7-302-5;;;;;;
M-01-6-2;;;;;;
M-01-3-2;;;;;;
L-19-3;;;;;;
2-L7-507;;;;;;
;;;;;;
M-10-02;;;;;;
2-O5-402-3;;;;;;
;;;;;;
2-H3-302;;;;;;
2-H1-602;;;;;;
2-H5-402;;;;;;
2-H1-502;;;;;;
2-H3-402;;;;;;
2-G7-603;;;;;;
2-H1-503;;;;;;
2-G5-503;;;;;;
2-H5-401;;;;;;
2-G9-501;;;;;;
2-H5-403;;;;;;
2-H5-502;;;;;;
2-H1-401;;;;;;
2-H3-501;;;;;;
2-H3-502;;;;;;
2-G7-401;;;;;;
2-G9-702;;;;;;
M-06-5-1-2;;;;;;
;;;;;;
M-01-0-5;;;;;;
N-07-1-1-4;;;;;;
2-G1-601;;;;;;
2-G3-601;;;;;;
2-G1-701;;;;;;
2-G3-701;;;;;;
L-17-14;;;;;;
2-F1-501-1;;;;;;
;;;;;;
2-H1-702;;;;;;
2-G7-602;;;;;;
2-G5-604;;;;;;
2-G9-601;;;;;;
2-H5-102;;;;;;
2-N7-502-2;;;;;;
;;;;;;
;;;;;;
;;;;;;
;;;;;;
;;;;;;
;;;;;;
;;;;;;
2-N1-801;;;;;;
2-N15-604-2;;;;;;
;;;;;;
2-O3-703-1;;;;;;
2-K3-303-3;;;;;;
2-O5-401-1;;;;;;
2-N15-803-1;;;;;;
N-05-5-5-3;;;;;;
L-06-2-05;;;;;;
N-03-2-1-4;;;;;;
2-N7-504-4;;;;;;
2-N1-703-2;;;;;;
L-19-6;;;;;;
R11-164;;;;;;
M-06-1-2-6;;;;;;
2-N11-603-6;;;;;;
2-I11-801;;;;;;
2-I11-802;;;;;;
2-N11-702-6;;;;;;
2-H5-703;;;;;;
2-H5-702;;;;;;
M-06-1-2-5;;;;;;
N-07-0-2-5;;;;;;
3-H5-404;;;;;;
3-H5-405;;;;;;
2-H5-103;;;;;;
2-N7-701-6;;;;;;
2-G2-202;;;;;;
2-I3-404;;;;;;
2-I1-302;;;;;;
2-I3-502;;;;;;
2-H2-601-2;;;;;;
2-I3-603;;;;;;
2-I3-402;;;;;;
2-H2-602-1;;;;;;
2-G2-601;;;;;;
2-H2-601-1;;;;;;
2-G2-301;;;;;;
2-G2-501;;;;;;
2-N7-701-5;;;;;;
2-K1-202;;;;;;
2-K4-405-4;;;;;;
2-N7-302-2;;;;;;
2-N11-803-1;;;;;;
3-A3-402;;;;;;
3-A7-502;;;;;;
2-N7-201-1;;;;;;
2-N7-401-1;;;;;;
2-F3-702;;;;;;
;;;;;;
R23-21;;;;;;
;;;;;;
;;;;;;
;;;;;;
;;;;;;
2-E2-403;;;;;;
2-N1-301-1;;;;;;
;;;;;;
2-H3-601;;;;;;
;;;;;;
2-G1-101;;;;;;
2-G7-701;;;;;;
;;;;;;
2-G3-101;;;;;;
;;;;;;
2-K1-303-3;;;;;;
2-K6-203;;;;;;
;;;;;;
N-05-4-3-2;;;;;;
N-05-3-2-2;;;;;;
2-H1-302;;;;;;
2-H1-301;;;;;;
M-05-1-5;;;;;;
N-05-3-5-4;;;;;;
M-01-5-4;;;;;;
N-03-4-2-4;;;;;;
L-18-01-24-1;;;;;;
2-N3-702-3;;;;;;
2-K1-502-1;;;;;;
2-N5-603-1;;;;;;
N-03-5-5-2;;;;;;
R24-115-08;;;;;;
2-E2-604;;;;;;
2-I11-301;;;;;;
2-I1-503-1;;;;;;
;;;;;;
R17-047;;;;;;
R17-047;;;;;;
R17-047;;;;;;
R17-047;;;;;;
R17-047;;;;;;
2-M3-501-1;;;;;;
;;;;;;
;;;;;;
;;;;;;
;;;;;;
;;;;;;
;;;;;;
2-I7-802;;;;;;
2-I7-803;;;;;;
2-N13-602-3;;;;;;
N-28-3-4;;;;;;
M-01-1-4;;;;;;
2-N11-703-6;;;;;;
;;;;;;
;;;;;;
N-03-4-1-1;;;;;;
2-N1-602-1;;;;;;
pickware_unknown_location;;;;;;
2-N1-701-1;;;;;;
2-N1-701-2;;;;;;
;;;;;;
2-N1-702-2;;;;;;
R24-107-04;;;;;;
;;;;;;
;;;;;;
2-L7-303-2;;;;;;
2-L7-503;;;;;;
2-I11-701;;;;;;
2-N17-302-2;;;;;;
;;;;;;
2-F1-301;;;;;;
2-N13-604-3;;;;;;
2-N15-701-2;;;;;;
M-03-6-4;;;;;;
2-N11-605-5;;;;;;
3-H5-407;;;;;;
pickware_unknown_location;;;;;;
2-N3-501-4;;;;;;
2-N7-501-3;;;;;;
2-N7-601-1;;;;;;
2-N7-704-6;;;;;;
2-N7-501-3;;;;;;
2-N7-603-2;;;;;;
2-N7-702-2;;;;;;
2-N7-601-4;;;;;;
2-L2-201;;;;;;
M-04-2-3-8;;;;;;
2-I13-204;;;;;;
2-K5-203;;;;;;
2-G5-602;;;;;;
2-K3-402-1;;;;;;
3-A3-602;;;;;;
2-I7-101;;;;;;
2-N5-502-4;;;;;;
2-M1-503-2;;;;;;
;;;;;;
2-N17-603-1;;;;;;
2-N7-501-4;;;;;;
2-L2-207;;;;;;
2-M5-501-2;;;;;;
2-N7-603-3;;;;;;
2-F1-501-2;;;;;;
2-I3-504-2;;;;;;
2-N7-605-3;;;;;;
N-05-2-5-3;;;;;;
2-J1-102;;;;;;
2-G3-201;;;;;;
2-G5-402;;;;;;
3-F3-101;;;;;;
2-K1-201;;;;;;
2-N17-505-4;;;;;;
2-H2-605-3;;;;;;
N-01-4-2-2;;;;;;
L-17-07;;;;;;
2-J1-207;;;;;;
2-J1-208;;;;;;
2-J1-112;;;;;;
2-J1-210;;;;;;
2-J1-205;;;;;;
2-E2-603;;;;;;
2-E2-606;;;;;;
2-N1-205-1;;;;;;
;;;;;;
;;;;;;
3-A4-604;;;;;;
3-A4-605;;;;;;
;;;;;;
2-G3-202;;;;;;
;;;;;;
;;;;;;
M-01-4-3;;;;;;
2-N1-201-2;;;;;;
2-L5-503;;;;;;
2-N7-403-1;;;;;;
3-A1-601;;;;;;
2-M5-302-1;;;;;;
3-A2-702;;;;;;
3-A2-701;;;;;;
2-H1-501;;;;;;
2-N13-602-4;;;;;;
N-05-5-4-2;;;;;;
;;;;;;
2-M1-503-4;;;;;;
2-H2-805;;;;;;
2-I1-602;;;;;;
2-G2-405;;;;;;
2-G2-605;;;;;;
2-G2-504;;;;;;
M-02-6-5;;;;;;
2-N9-403-2;;;;;;
2-N13-603-2;;;;;;
M-02-5-6;;;;;;
2-J6-402-2;;;;;;
2-L2-103;;;;;;
2-N17-405-3;;;;;;
2-N17-405-1;;;;;;
2-L4-503;;;;;;
N-09-0-3-9;;;;;;
N-07-1-3-4;;;;;;
N-16-2-2;;;;;;
M-13-12;;;;;;
;;;;;;
2-J1-308;;;;;;
2-K4-303-1;;;;;;
3-F3-103;;;;;;
2-N3-301-2;;;;;;
2-N9-404-2;;;;;;
2-I13-807;;;;;;
M-27-1-1;;;;;;
2-H3-301;;;;;;
3-D3-506;;;;;;
2-G3-301;;;;;;
2-G9-701;;;;;;
2-G7-704;;;;;;
2-N5-802;;;;;;
2-G2-503;;;;;;
2-I13-303;;;;;;
2-N3-603-5;;;;;;
2-J6-604;;;;;;
2-N3-401-3;;;;;;
2-N1-401-3;;;;;;
2-N5-403-2;;;;;;
2-N17-603-3;;;;;;
2-H2-501-1;;;;;;
2-K1-304-2;;;;;;
2-K1-304-3;;;;;;
;;;;;;
2-N7-502-3;;;;;;
;;;;;;
2-N17-503-1;;;;;;
2-N17-202-4;;;;;;
M-01-2-3;;;;;;
2-N3-604-1;;;;;;
N-05-3-5-1;;;;;;
2-N5-502-5;;;;;;
2-N11-702-1;;;;;;
2-O5-501-4;;;;;;
2-N5-801;;;;;;
;;;;;;
;;;;;;
;;;;;;
;;;;;;
2-M3-204-4;;;;;;
;;;;;;
;;;;;;
2-N3-0;;;;;;
2-H5-303;;;;;;
2-H5-302;;;;;;
N-07-2-3-3;;;;;;
2-K6-704;;;;;;
2-K4-706;;;;;;
2-N1-703-3;;;;;;
2-N7-202-4;;;;;;
M-03-5-3;;;;;;
;;;;;;
3-B6-504;;;;;;
2-N1-405-3;;;;;;
2-N3-403-1;;;;;;
2-N3-403-3;;;;;;
2-N5-503-5;;;;;;
2-N5-404-4;;;;;;
2-N5-301-2;;;;;;
;;;;;;
2-N1-403-3;;;;;;
2-N1-403-2;;;;;;
2-N3-402-2;;;;;;
2-N3-501-1;;;;;;
2-N5-301-1;;;;;;
2-N3-402-1;;;;;;
2-N3-401-2;;;;;;
2-N1-401-2;;;;;;
2-N1-403-4;;;;;;
2-N3-402-5;;;;;;
L-08-1-2;;;;;;
2-N1-402-4;;;;;;
L-12-0-1-1;;;;;;
2-N3-403-5;;;;;;
2-N1-403-1;;;;;;
N-13-1-5-4;;;;;;
2-N3-505-3;;;;;;
2-N5-503-4;;;;;;
;;;;;;
M-05-3-3;;;;;;
2-G2-603;;;;;;
2-I1-605;;;;;;
2-N7-201-2;;;;;;
2-N7-503-1;;;;;;
2-N1-601-3;;;;;;
M-06-1-2-2;;;;;;
2-O5-301-2;;;;;;
3-A9-506;;;;;;
2-N9-403-4;;;;;;
2-K2-401-2;;;;;;
N-13-1-3-4;;;;;;
2-K6-606;;;;;;
;;;;;;
;;;;;;
2-N17-403-2;;;;;;
3-H3-208;;;;;;
3-H3-204;;;;;;
3-F5-104;;;;;;
2-H5-202;;;;;;
2-K5-702-1;;;;;;
2-K5-702-2;;;;;;
;;;;;;
2-I11-703;;;;;;
;;;;;;
2-N1-702-3;;;;;;
3-B2-501;;;;;;
2-K4-705;;;;;;
2-I13-205;;;;;;
2-N17-302-3;;;;;;
L-08-1-7;;;;;;
2-N1-603-2;;;;;;
2-N1-704-3;;;;;;
N-03-4-4-1;;;;;;
2-N9-402-6;;;;;;
M-06-0-4-1;;;;;;
M-05-2-4;;;;;;
3-A6-604;;;;;;
3-A6-603;;;;;;
2-K5-304;;;;;;
2-K7-302;;;;;;
2-N11-601-5;;;;;;
2-I11-705;;;;;;
2-I11-706;;;;;;
2-N17-301-6;;;;;;
2-H1-703;;;;;;
2-H5-203;;;;;;
2-L2-401-4;;;;;;
2-N13-604-4;;;;;;
2-N13-604-5;;;;;;
2-O5-304-3;;;;;;
R24-164-01;;;;;;
M-05-2-5;;;;;;
2-L1-302-4;;;;;;
M-04-6-4-3;;;;;;
N-05-3-5-3;;;;;;
L-14-2-7-2;;;;;;
N-11-0-4-6;;;;;;
2-K6-303;;;;;;
M-02-3-5;;;;;;
2-N11-605-1;;;;;;
;;;;;;
pickware_unknown_location;;;;;;
;;;;;;
2-N7-705-3;;;;;;
2-O5-504-2;;;;;;
N-07-3-2-3;;;;;;
;;;;;;
2-N11-605-6;;;;;;
2-N17-401-5;;;;;;
N-01-0-5-4;;;;;;
N-07-3-2-4;;;;;;
2-G1-901;;;;;;
2-N1-601-1;;;;;;
M-03-4-3;;;;;;
N-07-3-3-3;;;;;;
2-K3-502;;;;;;
2-N17-604-1;;;;;;
2-K6-301-1;;;;;;
2-N9-402-3;;;;;;
2-N7-505-4;;;;;;
2-N3-702-4;;;;;;
2-N7-403-2;;;;;;
2-N15-701-4;;;;;;
2-M1-503-3;;;;;;
pickware_unknown_location;;;;;;
M-06-5-4-1;;;;;;
;;;;;;
;;;;;;
;;;;;;
2-N3-404-1;;;;;;
2-N5-403-1;;;;;;
2-L5-302-1;;;;;;
2-M1-401-1;;;;;;
2-N17-403-5;;;;;;
2-L7-501;;;;;;
;;;;;;
2-L4-401-1;;;;;;
2-N11-602-2;;;;;;
;;;;;;
2-O5-305-2;;;;;;
2-M5-402-5;;;;;;
2-G7-502;;;;;;
;;;;;;
N-01-2-5-1;;;;;;
2-N3-405-1;;;;;;
;;;;;;
2-I3-703;;;;;;
2-K6-405-1;;;;;;
M-04-3-2-3;;;;;;
2-G2-203;;;;;;
2-N9-301-2;;;;;;
;;;;;;
2-K6-301-3;;;;;;
2-K6-302;;;;;;
2-G5-401;;;;;;
M-01-0-4;;;;;;
2-O5-302-6;;;;;;
2-N5-404-1;;;;;;
2-N5-404-3;;;;;;
2-N5-701-2;;;;;;
2-N3-603-4;;;;;;
2-N1-305-3;;;;;;
;;;;;;
2-N1-202-2;;;;;;
;;;;;;
;;;;;;
L-18-01-05;;;;;;
L-18-01-17;;;;;;
2-I5-302;;;;;;
;;;;;;
2-M1-102-2;;;;;;
2-M1-202-3;;;;;;
2-N3-702-1;;;;;;
2-N1-604-6;;;;;;
2-M3-404-2;;;;;;
2-N17-601-6;;;;;;
2-N9-403-3;;;;;;
L-18-01-08;;;;;;
2-K3-403;;;;;;
2-L2-404-2;;;;;;
2-N9-601-5;;;;;;
2-L2-404-3;;;;;;
2-I3-301;;;;;;
2-I5-301;;;;;;
2-M5-501-1;;;;;;
2-M5-503-2;;;;;;
2-N15-603-2;;;;;;
2-N15-603-3;;;;;;
;;;;;;
2-K3-404;;;;;;
2-K3-301-2;;;;;;
pickware_unknown_location;;;;;;
2-N9-601-2;;;;;;
pickware_unknown_location;;;;;;
2-N9-601-3;;;;;;
pickware_unknown_location;;;;;;
2-N9-601-1;;;;;;
2-K3-302-1;;;;;;
2-M3-403-6;;;;;;
2-K3-302-2;;;;;;
2-M5-401-2;;;;;;
2-K3-303-1;;;;;;
2-K3-304-2;;;;;;
2-N7-801-4;;;;;;
2-N3-205-2;;;;;;
2-K3-303-2;;;;;;
2-N17-601-3;;;;;;
2-K1-302-3;;;;;;
2-K6-402;;;;;;
2-K6-401;;;;;;
2-K3-304-1;;;;;;
2-M3-202-1;;;;;;
2-M3-202-2;;;;;;
2-L4-401-2;;;;;;
2-L4-401-3;;;;;;
2-F1-702;;;;;;
2-F1-302;;;;;;
2-F3-301;;;;;;
3-F10-501;;;;;;
3-F2-503;;;;;;
3-F2-502;;;;;;
3-F10-502;;;;;;
3-F10-602;;;;;;
3-F10-601;;;;;;
3-H2-203;;;;;;
3-H4-204;;;;;;
2-N17-402-2;;;;;;
M-01-0-3;;;;;;
2-K7-303;;;;;;
2-K5-705-2;;;;;;
;;;;;;
2-K5-702-5;;;;;;
2-K6-404;;;;;;
2-K6-403;;;;;;
2-O5-804-2;;;;;;
2-O5-804-3;;;;;;
2-M1-402-1;;;;;;
2-N7-705-2;;;;;;
2-K3-301-3;;;;;;
R24-067-05;;;;;;
2-N15-804-3;;;;;;
2-F1-102;;;;;;
N-03-4-3-2;;;;;;
N-01-5-1-3;;;;;;
2-K5-702-3;;;;;;
;;;;;;
L-18-01-21;;;;;;
3-E2-703;;;;;;
L-18-01-18;;;;;;
;;;;;;
R24-018;;;;;;
R24-017;;;;;;
;;;;;;
3-B4-301;;;;;;
;;;;;;
2-L7-605;;;;;;
2-G3-1001;;;;;;
2-N1-703-5;;;;;;
2-J1-209;;;;;;
2-J1-104;;;;;;
3-B7-402;;;;;;
2-M5-103-5;;;;;;
;;;;;;
2-K1-301-2;;;;;;
2-M3-101-1;;;;;;
N-17-1-2;;;;;;
2-N9-403-1;;;;;;
2-K7-102;;;;;;
2-N1-605-2;;;;;;
2-O5-501-1;;;;;;
2-M5-401-1;;;;;;
2-J4-504;;;;;;
2-J2-604;;;;;;
2-N11-803-2;;;;;;
;;;;;;
;;;;;;
N-01-0-4-1;;;;;;
2-N11-703-2;;;;;;
;;;;;;
2-N15-803-4;;;;;;
2-K4-301-3;;;;;;
2-N15-803-6;;;;;;
M-05-3-4;;;;;;
M-13-01;;;;;;
2-G2-502;;;;;;
L-08-5-6;;;;;;
L-08-4-7;;;;;;
2-N11-802-1;;;;;;
2-L2-506;;;;;;
2-K2-404-1;;;;;;
2-I7-301;;;;;;
;;;;;;
N-03-1-5-1;;;;;;
2-N3-602-1;;;;;;
3-A4-701;;;;;;
2-M3-503-2;;;;;;
2-N1-605-4;;;;;;
2-I5-403-3;;;;;;
2-H2-802;;;;;;
N-01-4-5-1;;;;;;
2-N17-204-2;;;;;;
3-H1-304;;;;;;
2-K1-501;;;;;;
2-I1-601;;;;;;
2-L2-603;;;;;;
2-N5-503-2;;;;;;
2-N5-503-1;;;;;;
N-05-4-1-1;;;;;;
;;;;;;
2-N5-503-3;;;;;;
;;;;;;
2-N7-605-1;;;;;;
M-04-2-3-4;;;;;;
2-O5-305-1;;;;;;
;;;;;;
3-B6-503;;;;;;
2-M1-101-2;;;;;;
M-02-1-1;;;;;;
2-M1-104-1;;;;;;
2-K2-501;;;;;;
2-N15-802-3;;;;;;
2-N15-802-4;;;;;;
2-N5-704-5;;;;;;
2-N15-803-5;;;;;;
2-N15-802-5;;;;;;
2-N9-302-2;;;;;;
2-N7-203-1;;;;;;
2-N3-603-3;;;;;;
M-06-1-4-6;;;;;;
2-N11-602-1;;;;;;
2-N11-504-5;;;;;;
N-01-5-4-2;;;;;;
;;;;;;
2-N11-604-1;;;;;;
R24-004-003;;;;;;
2-N15-801-1;;;;;;
L-06-2-01;;;;;;
2-M1-401-2;;;;;;
2-N1-302-3;;;;;;
2-N7-405-3;;;;;;
2-I3-504-1;;;;;;
;;;;;;
;;;;;;
;;;;;;
2-N7-701-2;;;;;;
2-O1-705-1;;;;;;
2-N3-203-5;;;;;;
2-O1-804-1;;;;;;
N-01-5-2-3;;;;;;
2-M3-103-3;;;;;;
2-M5-501-6;;;;;;
M-03-6-3;;;;;;
2-N5-704-2;;;;;;
;;;;;;
2-N5-704-1;;;;;;
2-N3-601-4;;;;;;
M-03-0-5;;;;;;
2-M1-403-3;;;;;;
2-N5-601-5;;;;;;
2-N15-602-2;;;;;;
2-N15-804-2;;;;;;
M-06-3-3-4;;;;;;
2-N1-705-2;;;;;;
2-N9-602-3;;;;;;
2-N1-401-1;;;;;;
2-N1-402-1;;;;;;
2-O5-301-3;;;;;;
2-G3-1201;;;;;;
N-03-5-3-4;;;;;;
2-N11-502-3;;;;;;
2-N11-701-3;;;;;;
;;;;;;
R18-069;;;;;;
2-G1-1101;;;;;;
2-O3-804-5;;;;;;
2-K1-303-1;;;;;;
;;;;;;
;;;;;;
3-A4-602;;;;;;
3-A4-603;;;;;;
2-K6-604;;;;;;
2-K6-603;;;;;;
;;;;;;
N-03-5-4-4;;;;;;
3-H4-303;;;;;;
;;;;;;
;;;;;;
;;;;;;
;;;;;;
N-03-2-3-1;;;;;;
2-I5-507;;;;;;
2-N1-603-4;;;;;;
2-I11-302;;;;;;
2-I11-303;;;;;;
;;;;;;
2-E1-101;;;;;;
;;;;;;
2-H5-602;;;;;;
;;;;;;
;;;;;;
2-N15-701-3;;;;;;
2-N15-701-5;;;;;;
2-O5-303-1;;;;;;
M-06-4-4-3;;;;;;
2-G2-602;;;;;;
2-N7-504-1;;;;;;
2-K6-101;;;;;;
2-O5-402-1;;;;;;
2-O5-305-6;;;;;;
L-08-3-5;;;;;;
2-N11-701-2;;;;;;
2-O1-704-1;;;;;;
2-O5-404-4;;;;;;
2-N7-505-6;;;;;;
2-L4-402-3;;;;;;
2-L4-401-5;;;;;;
;;;;;;
2-N9-603-3;;;;;;
N-03-4-3-4;;;;;;
2-L2-403-5;;;;;;
2-N9-403-6;;;;;;
2-N7-404-5;;;;;;
N-03-3-1-4;;;;;;
N-01-1-3-4;;;;;;
N-01-4-2-4;;;;;;
;;;;;;
pickware_unknown_location;;;;;;
2-O5-501-3;;;;;;
2-O5-305-3;;;;;;
M-02-1-3;;;;;;
2-N9-604-4;;;;;;
2-M3-103-2;;;;;;
2-N9-602-4;;;;;;
2-N9-604-3;;;;;;
2-N17-605-4;;;;;;
2-O5-303-3;;;;;;
2-K4-401-1;;;;;;
2-K4-302-3;;;;;;
2-N5-703-4;;;;;;
2-K5-503;;;;;;
2-K5-502;;;;;;
;;;;;;
N-01-1-5-5;;;;;;
;;;;;;
2-O5-302-1;;;;;;
2-N17-504-1;;;;;;
2-O5-403-1;;;;;;
2-N7-802-6;;;;;;
2-N9-603-2;;;;;;
2-N17-602-1;;;;;;
2-N17-601-2;;;;;;
2-O5-405-2;;;;;;
;;;;;;
;;;;;;
;;;;;;
2-I1-702;;;;;;
;;;;;;
2-N11-701-1;;;;;;
N-01-5-3-3;;;;;;
2-N7-505-3;;;;;;
2-N1-404-3;;;;;;
2-J2-603;;;;;;
2-N11-503-1;;;;;;
2-E2-301;;;;;;
2-N3-501-2;;;;;;
2-N5-303-2;;;;;;
2-N3-403-4;;;;;;
;;;;;;
2-N15-704-5;;;;;;
2-N7-703-2;;;;;;
2-N3-404-3;;;;;;
;;;;;;
2-N7-303-1;;;;;;
2-N7-504-2;;;;;;
2-N9-603-6;;;;;;
2-K6-701;;;;;;
2-M5-206-3;;;;;;
;;;;;;
2-N1-705-1;;;;;;
N-01-3-5-5;;;;;;
M-03-5-5;;;;;;
2-N11-605-4;;;;;;
2-N11-504-6;;;;;;
2-O5-401-6;;;;;;
2-N11-805-4;;;;;;
R24-166-02;;;;;;
L-14-1-2-2;;;;;;
R11-305;;;;;;
M-01-5-2;;;;;;
N-01-5-4-4;;;;;;
2-N11-404-6;;;;;;
2-N11-505-4;;;;;;
M-06-1-1-4;;;;;;
M-04-6-3-3;;;;;;
2-N7-704-2;;;;;;
N-21-4-3-2;;;;;;
2-M5-401-3;;;;;;
2-M3-103-4;;;;;;
;;;;;;
;;;;;;
;;;;;;
2-N15-702-6;;;;;;
2-K2-301-3;;;;;;
2-L4-402-4;;;;;;
2-N5-302-2;;;;;;
N-03-3-4-2;;;;;;
2-N17-605-1;;;;;;
2-N17-605-2;;;;;;
2-N1-302-6;;;;;;
2-N7-401-4;;;;;;
N-05-1-5-4;;;;;;
2-I8-405-1;;;;;;
N-01-1-5-4;;;;;;
pickware_unknown_location;;;;;;
N-01-4-2-3;;;;;;
3-K2-206;;;;;;
;;;;;;
N-03-1-3-1;;;;;;
N-03-4-4-4;;;;;;
2-N17-603-2;;;;;;
N-07-1-1-2;;;;;;
2-N15-702-5;;;;;;
;;;;;;
2-N7-602-3;;;;;;
2-K6-703;;;;;;
;;;;;;
2-M1-503-1;;;;;;
;;;;;;
;;;;;;
2-M5-402-3;;;;;;
2-F1-505-2;;;;;;
2-F1-604-2;;;;;;
2-N9-301-3;;;;;;
2-L1-403-1;;;;;;
2-O1-803-5;;;;;;
2-L5-301-1;;;;;;
;;;;;;
2-L3-402-1;;;;;;
2-L3-403-5;;;;;;
2-L3-403-3;;;;;;
2-L5-301-2;;;;;;
2-K4-405-1;;;;;;
2-L3-403-2;;;;;;
2-L3-302-5;;;;;;
;;;;;;
;;;;;;
2-K6-406-2;;;;;;
2-O5-804-4;;;;;;
;;;;;;
;;;;;;
2-L5-202;;;;;;
2-L3-403-1;;;;;;
2-L3-302-4;;;;;;
2-L3-402-2;;;;;;
;;;;;;
2-K6-406-1;;;;;;
;;;;;;
;;;;;;
;;;;;;
2-G5-101;;;;;;
2-G2-805;;;;;;
;;;;;;
2-G3-901;;;;;;
2-H3-701;;;;;;
2-M5-101-1;;;;;;
;;;;;;
2-N5-302-3;;;;;;
2-N3-501-3;;;;;;
3-K2-101;;;;;;
;;;;;;
;;;;;;
3-A9-601;;;;;;
3-A7-505;;;;;;
3-A7-504;;;;;;
;;;;;;
;;;;;;
;;;;;;
N-01-0-4-2;;;;;;
;;;;;;
2-N17-404-2;;;;;;
3-H3-402;;;;;;
3-H3-201;;;;;;
;;;;;;
RL4-008;;;;;;
2-N17-504-5;;;;;;
2-N11-801-2;;;;;;
M-05-0-3;;;;;;
;;;;;;
2-K6-301-2;;;;;;
2-K6-304-1;;;;;;
3-H6-306;;;;;;
3-H6-305;;;;;;
3-F6-402;;;;;;
3-F6-401;;;;;;
;;;;;;
;;;;;;
N-01-3-4-4;;;;;;
3-F7-101;;;;;;
3-J4-301;;;;;;
3-J4-301;;;;;;
2-L3-205;;;;;;
2-L3-204;;;;;;
2-L4-102;;;;;;
2-N3-704-2;;;;;;
2-N5-602-2;;;;;;
2-N3-801;;;;;;
;;;;;;
2-I7-303;;;;;;
3-F5-401;;;;;;
2-N3-403-2;;;;;;
2-N3-503-1;;;;;;
;;;;;;
2-M3-102-2;;;;;;
M-02-4-6;;;;;;
;;;;;;
;;;;;;
2-M3-504-6;;;;;;
2-M3-404-4;;;;;;
2-M5-504-1;;;;;;
2-N5-704-4;;;;;;
2-M5-503-3;;;;;;
2-O5-501-2;;;;;;
2-N17-201-4;;;;;;
2-N7-403-3;;;;;;
2-M1-303-1;;;;;;
2-M3-503-1;;;;;;
2-M3-103-1;;;;;;
;;;;;;
N-01-5-4-3;;;;;;
2-L3-103;;;;;;
;;;;;;
2-N17-404-3;;;;;;
2-N7-603-6;;;;;;
;;;;;;
;;;;;;
2-N9-602-6;;;;;;
3-D3-102;;;;;;
3-D3-101;;;;;;
2-M3-404-5;;;;;;
2-L2-402-1;;;;;;
2-L2-402-2;;;;;;
N-03-5-2-2;;;;;;
2-K6-405-2;;;;;;
M-04-6-3-1;;;;;;
2-M3-204-3;;;;;;
M-06-0-2-2;;;;;;
2-N15-803-3;;;;;;
2-N15-804-4;;;;;;
N-05-2-1-3;;;;;;
;;;;;;
;;;;;;
2-N7-605-5;;;;;;
L-10-0-3-1;;;;;;
L-14-0-3-1;;;;;;
2-N7-704-1;;;;;;
;;;;;;
2-M3-201-1;;;;;;
M-06-2-2-1;;;;;;
M-06-2-2-2;;;;;;
2-M5-403-1;;;;;;
2-N17-403-1;;;;;;
2-N17-603-6;;;;;;
2-N17-301-1;;;;;;
N-01-3-2-3;;;;;;
2-M5-504-3;;;;;;
2-G1-301;;;;;;
2-N17-201-2;;;;;;
2-M1-404-2;;;;;;
2-N15-802-2;;;;;;
2-O3-604-2;;;;;;
2-M3-202-3;;;;;;
3-K2-207;;;;;;
2-K2-603;;;;;;
2-I5-202;;;;;;
L-18-01-07;;;;;;
L-18-01-04;;;;;;
N-07-1-3-3;;;;;;
2-N15-604-4;;;;;;
2-J6-603;;;;;;
2-K4-604;;;;;;
2-K4-605;;;;;;
2-L4-601;;;;;;
2-N1-602-5;;;;;;
;;;;;;
2-N11-803-6;;;;;;
3-F5-402;;;;;;
2-L2-401-3;;;;;;
2-O1-704-6;;;;;;
2-O5-302-5;;;;;;
;;;;;;
2-N1-605-1;;;;;;
2-N7-505-5;;;;;;
L-16-2-2;;;;;;
N-03-4-1-5;;;;;;
2-M5-505-3;;;;;;
R11-362;;;;;;
;;;;;;
;;;;;;
2-N15-703-4;;;;;;
2-K1-404-2;;;;;;
2-K1-404-1;;;;;;
3-H4-103;;;;;;
3-H4-102;;;;;;
3-H3-102;;;;;;
2-M1-102-5;;;;;;
N-01-3-3-2;;;;;;
N-03-3-5-2;;;;;;
M-05-4-5;;;;;;
L-17-01;;;;;;
;;;;;;
2-M1-303-2;;;;;;
M-03-3-3;;;;;;
M-12-01;;;;;;
2-M3-104-2;;;;;;
3-F1-301;;;;;;
3-F1-401;;;;;;
;;;;;;
3-F1-303;;;;;;
2-O3-704-2;;;;;;
3-B4-402;;;;;;
2-K5-505;;;;;;
2-N15-602-3;;;;;;
2-K3-401-4;;;;;;
;;;;;;
;;;;;;
2-G3-501;;;;;;
2-G1-501;;;;;;
2-N15-702-2;;;;;;
2-N15-702-3;;;;;;
2-K4-405-2;;;;;;
2-O3-805-5;;;;;;
2-O3-805-6;;;;;;
2-M1-101-5;;;;;;
2-M3-404-1;;;;;;
2-O1-801-4;;;;;;
2-M1-102-1;;;;;;
2-M1-101-4;;;;;;
2-M1-101-6;;;;;;
;;;;;;
;;;;;;
2-M3-401-2;;;;;;
;;;;;;
;;;;;;
2-I3-602;;;;;;
2-N17-303-6;;;;;;
B-02-6-3;;;;;;
L-17-16;;;;;;
M-01-7-6;;;;;;
2-N1-302-4;;;;;;
2-L7-402-1;;;;;;
2-L7-402-2;;;;;;
2-N1-303-3;;;;;;
2-N3-304-1;;;;;;
2-N1-301-3;;;;;;
2-L7-404-2;;;;;;
2-N1-303-1;;;;;;
M-05-3-5;;;;;;
2-K7-103;;;;;;
2-O3-805-3;;;;;;
2-N1-302-1;;;;;;
N-01-3-3-4;;;;;;
N-01-0-5-3;;;;;;
2-O5-504-4;;;;;;
M-06-3-3-7;;;;;;
M-02-0-2;;;;;;
;;;;;;
2-O3-605-2;;;;;;
2-N11-402-2;;;;;;
2-N11-803-4;;;;;;
N-21-4-3-4;;;;;;
2-H1-706;;;;;;
2-O1-801-5;;;;;;
3-F8-506;;;;;;
3-F8-505;;;;;;
2-N11-803-5;;;;;;
2-N17-402-3;;;;;;
2-I7-401-3;;;;;;
2-I7-402-3;;;;;;
2-N5-204-1;;;;;;
M-03-7-11;;;;;;
2-G9-604;;;;;;
;;;;;;
2-G5-704;;;;;;
;;;;;;
;;;;;;
;;;;;;
3-D3-503;;;;;;
3-D3-501;;;;;;
;;;;;;
L-16-3-2;;;;;;
2-K5-404;;;;;;
2-K5-406;;;;;;
2-G1-302;;;;;;
;;;;;;
;;;;;;
R19-028;;;;;;
;;;;;;
;;;;;;
;;;;;;
;;;;;;
2-O1-704-3;;;;;;
2-O5-404-2;;;;;;
2-K3-402-4;;;;;;
M-06-3-4-6;;;;;;
N-05-0-3-2;;;;;;
;;;;;;
;;;;;;
N-03-3-2-1;;;;;;
L-18-01-50;;;;;;
2-L2-404-4;;;;;;
;;;;;;
;;;;;;
3-D1-507;;;;;;
2-G5-703;;;;;;
2-H1-803;;;;;;
;;;;;;
M-06-1-2-3;;;;;;
M-06-4-2-1;;;;;;
M-03-7-4;;;;;;
;;;;;;
;;;;;;
2-H2-702;;;;;;
2-I5-506;;;;;;
2-G7-601;;;;;;
2-H1-601;;;;;;
2-G5-603;;;;;;
2-H3-603;;;;;;
2-H3-604;;;;;;
2-G5-702;;;;;;
2-H3-602;;;;;;
2-H1-603;;;;;;
2-H5-701;;;;;;
M-06-4-3-3;;;;;;
2-L2-703;;;;;;
2-N7-301-1;;;;;;
2-N9-603-4;;;;;;
;;;;;;
M-27-6-1;;;;;;
;;;;;;
2-K7-301;;;;;;
;;;;;;
;;;;;;
2-N11-605-2;;;;;;
2-I13-502;;;;;;
2-N11-705-6;;;;;;
M-12-01;;;;;;
;;;;;;
2-N17-301-4;;;;;;
;;;;;;
N-01-2-2-3;;;;;;
2-N11-504-4;;;;;;
M-25-6-2;;;;;;
2-N11-705-3;;;;;;
;;;;;;
;;;;;;
N-01-2-3-2;;;;;;
2-H1-604;;;;;;
2-H1-701;;;;;;
2-G5-601;;;;;;
2-H2-701;;;;;;
N-03-1-1-2;;;;;;
N-07-1-3-1;;;;;;
;;;;;;
2-N11-601-1;;;;;;
2-N11-602-3;;;;;;
;;;;;;
2-F3-703;;;;;;
2-F3-804;;;;;;
2-L5-607;;;;;;
2-N5-703-2;;;;;;
L-18-10;;;;;;
2-F1-201;;;;;;
;;;;;;
2-K3-304-4;;;;;;
;;;;;;
;;;;;;
;;;;;;
2-G9-603;;;;;;
;;;;;;
2-J4-401-3;;;;;;
2-N1-507;;;;;;
2-N5-602-1;;;;;;
M-06-3-4-7;;;;;;
N-05-0-4-1;;;;;;
;;;;;;
2-O5-402-6;;;;;;
;;;;;;
2-I8-401;;;;;;
M-01-4-1;;;;;;
N-07-5-3-1;;;;;;
;;;;;;
2-N3-302-4;;;;;;
2-N15-601-1;;;;;;
L-18-01-06;;;;;;
2-N15-601-2;;;;;;
2-N7-601-3;;;;;;
3-A9-406;;;;;;
2-N7-302-3;;;;;;
M-10-07;;;;;;
2-N17-602-5;;;;;;
2-H2-403-2;;;;;;
2-M3-501-2;;;;;;
;;;;;;
2-N17-301-2;;;;;;
3-H1-205;;;;;;
3-E2-402;;;;;;
3-E2-401;;;;;;
2-N17-401-6;;;;;;
2-M5-504-5;;;;;;
2-I5-505;;;;;;
2-L7-505;;;;;;
;;;;;;
3-B7-504;;;;;;
E-01-5-1;;;;;;
3-D2-301;;;;;;
3-F1-205;;;;;;
2-K6-601;;;;;;
2-K2-401-1;;;;;;
3-B6-302;;;;;;
3-B6-401;;;;;;
3-B6-303;;;;;;
2-J4-401-1;;;;;;
2-J2-401-2;;;;;;
2-J2-401-3;;;;;;
2-L1-403-5;;;;;;
2-L1-403-4;;;;;;
2-L1-403-3;;;;;;
2-L1-403-2;;;;;;
N-01-2-1-3;;;;;;
2-J4-401-2;;;;;;
2-L3-301-2;;;;;;
2-L3-301-4;;;;;;
2-J6-401-2;;;;;;
2-J6-402-1;;;;;;
2-J2-401-1;;;;;;
N-05-3-4-3;;;;;;
2-J6-601;;;;;;
3-F7-502;;;;;;
3-F7-503;;;;;;
2-K4-404-2;;;;;;
2-O3-801-6;;;;;;
2-O3-802-5;;;;;;
2-O3-803-2;;;;;;
3-B2-302;;;;;;
2-K2-401-3;;;;;;
2-K6-602;;;;;;
2-K4-403-2;;;;;;
2-O5-705-2;;;;;;
2-K2-301-2;;;;;;
;;;;;;
M-04-3-1-4;;;;;;
2-L3-401-5;;;;;;
2-L3-401-4;;;;;;
M-06-0-1-1;;;;;;
2-K4-401-2;;;;;;
;;;;;;
2-J6-504;;;;;;
2-O3-703-2;;;;;;
2-O3-805-2;;;;;;
2-K4-404-1;;;;;;
2-O3-805-1;;;;;;
2-K4-606;;;;;;
2-O5-703-1;;;;;;
2-O3-602-3;;;;;;
2-N9-404-3;;;;;;
2-O1-801-3;;;;;;
2-O3-701-2;;;;;;
2-O5-705-6;;;;;;
2-O3-701-3;;;;;;
2-O1-703-3;;;;;;
2-O1-805-1;;;;;;
2-O3-602-2;;;;;;
;;;;;;
2-O5-705-4;;;;;;
2-O3-601-4;;;;;;
N-01-5-5-1;;;;;;
2-O3-802-2;;;;;;
2-O5-404-5;;;;;;
;;;;;;
;;;;;;
2-N3-304-5;;;;;;
;;;;;;
2-N5-504-4;;;;;;
2-E3-501;;;;;;
2-E3-402;;;;;;
;;;;;;
2-N9-603-1;;;;;;
2-N11-805-3;;;;;;
2-H2-804;;;;;;
2-K2-404-2;;;;;;
2-M5-402-6;;;;;;
N-03-2-5-3;;;;;;
2-K2-404-3;;;;;;
;;;;;;
2-K2-402-1;;;;;;
2-K2-403-1;;;;;;
3-A1-501;;;;;;
3-A1-502;;;;;;
3-A5-501;;;;;;
3-A9-501;;;;;;
3-A9-502;;;;;;
3-A7-503;;;;;;
3-F3-503;;;;;;
3-F3-504;;;;;;
2-O3-803-5;;;;;;
2-O5-801-3;;;;;;
2-J2-202;;;;;;
3-A5-201;;;;;;
3-A3-201;;;;;;
2-O3-804-4;;;;;;
N-01-2-1-2;;;;;;
2-O1-705-3;;;;;;
2-O3-803-1;;;;;;
2-O3-801-4;;;;;;
N-03-0-4-2;;;;;;
2-K2-602;;;;;;
2-L2-106;;;;;;
2-L3-201;;;;;;
2-N7-202-1;;;;;;
3-H2-204;;;;;;
2-I8-501;;;;;;
2-L2-503;;;;;;
2-L2-507;;;;;;
2-I1-704;;;;;;
2-O3-803-6;;;;;;
2-O1-702-6;;;;;;
2-K2-604;;;;;;
2-O5-801-2;;;;;;
2-O5-801-5;;;;;;
M-03-4-1;;;;;;
3-F5-302;;;;;;
3-F5-301;;;;;;
3-F3-302;;;;;;
3-F3-301;;;;;;
3-F1-202;;;;;;
2-L4-507;;;;;;
2-O5-803-6;;;;;;
3-B2-301;;;;;;
N-03-0-4-4;;;;;;
2-O5-802-3;;;;;;
2-O5-802-4;;;;;;
2-O3-804-3;;;;;;
2-O3-604-6;;;;;;
2-O3-804-1;;;;;;
2-O3-803-3;;;;;;
2-J4-502;;;;;;
2-L3-302-2;;;;;;
3-F7-504;;;;;;
2-O3-803-4;;;;;;
2-O5-802-1;;;;;;
2-L3-302-1;;;;;;
M-01-1-2;;;;;;
2-L3-302-3;;;;;;
2-O5-801-4;;;;;;
2-F3-303;;;;;;
2-F1-403;;;;;;
;;;;;;
2-N1-805;;;;;;
2-N11-803-3;;;;;;
2-N11-603-2;;;;;;
;;;;;;
2-M3-502-5;;;;;;
2-N11-701-4;;;;;;
2-N7-702-6;;;;;;
2-N7-304-6;;;;;;
2-N11-805-1;;;;;;
2-O5-505-1;;;;;;
2-N7-502-4;;;;;;
2-N17-602-6;;;;;;
2-F3-402;;;;;;
3-H3-207;;;;;;
2-I8-503;;;;;;
R24-087-02;;;;;;
2-O3-604-4;;;;;;
N-03-4-2-6;;;;;;
;;;;;;
2-N3-705-2;;;;;;
;;;;;;
N-03-2-2-1;;;;;;
M-04-3-1-3;;;;;;
2-O5-402-5;;;;;;
2-M5-303-2;;;;;;
;;;;;;
2-M3-402-3;;;;;;
2-K5-505;;;;;;
2-M3-202-4;;;;;;
2-M3-401-1;;;;;;
;;;;;;
2-N1-601-5;;;;;;
2-N7-505-2;;;;;;
2-N7-501-2;;;;;;
N-01-4-5-2;;;;;;
3-H3-210;;;;;;
3-H3-516;;;;;;
3-H3-513;;;;;;
3-H3-209;;;;;;
3-H3-206;;;;;;
3-H3-704;;;;;;
3-H3-706;;;;;;
3-H3-707;;;;;;
3-D3-509;;;;;;
3-H1-403;;;;;;
3-H3-507;;;;;;
3-H1-404;;;;;;
3-H3-701;;;;;;
3-H1-406;;;;;;
3-H1-408;;;;;;
3-H1-407;;;;;;
3-H1-401;;;;;;
3-K2-205;;;;;;
3-K2-203;;;;;;
3-K2-204;;;;;;
2-L7-502;;;;;;
2-M1-403-1;;;;;;
2-M5-607;;;;;;
2-M3-704;;;;;;
2-M5-104-1;;;;;;
2-N11-701-5;;;;;;
2-O5-701-1;;;;;;
;;;;;;
2-M5-502-2;;;;;;
2-I3-701;;;;;;
2-I13-206;;;;;;
2-I13-301;;;;;;
;;;;;;
;;;;;;
2-N1-405-4;;;;;;
2-N3-502-6;;;;;;
N-07-1-2-1;;;;;;
2-O5-304-1;;;;;;
;;;;;;
L-18-14;;;;;;
L-18-16;;;;;;
;;;;;;
3-D3-601;;;;;;
3-D3-502;;;;;;
2-N7-205-2;;;;;;
2-N7-204-2;;;;;;
2-O5-405-1;;;;;;
3-A4-703;;;;;;
3-A4-702;;;;;;
3-A2-705;;;;;;
3-A2-704;;;;;;
3-A4-403;;;;;;
2-F3-704;;;;;;
N-07-1-2-3;;;;;;
N-05-2-2-1;;;;;;
2-F3-602-1;;;;;;
2-N1-404-4;;;;;;
N-03-0-4-1;;;;;;
2-N7-303-6;;;;;;
;;;;;;
2-N1-604-1;;;;;;
;;;;;;
;;;;;;
2-I11-803;;;;;;
2-N1-205-3;;;;;;
;;;;;;
2-N1-403-5;;;;;;
M-06-2-3-4;;;;;;
;;;;;;
pickware_unknown_location;;;;;;
2-I8-601;;;;;;
M-11-2-4;;;;;;
M-06-4-1-2;;;;;;
2-I1-503-2;;;;;;
3-B4-601;;;;;;
2-M1-202-2;;;;;;
2-M1-202-4;;;;;;
2-M1-202-5;;;;;;
2-M1-203-3;;;;;;
2-M1-203-4;;;;;;
2-M1-203-5;;;;;;
2-M1-203-6;;;;;;
2-M1-204-1;;;;;;
2-M1-204-3;;;;;;
2-M1-204-4;;;;;;
2-M1-204-5;;;;;;
2-M1-204-6;;;;;;
2-G2-702;;;;;;
2-H2-502-1;;;;;;
2-I1-304;;;;;;
2-H2-602-3;;;;;;
2-I5-405-1;;;;;;
2-H2-201;;;;;;
2-O3-601-5;;;;;;
2-M3-204-1;;;;;;
2-M1-204-2;;;;;;
2-N7-705-5;;;;;;
2-I5-405-3;;;;;;
2-H2-601-3;;;;;;
2-I3-503-1;;;;;;
2-G2-801;;;;;;
2-N7-802-1;;;;;;
2-K1-302-4;;;;;;
2-K1-302-2;;;;;;
2-K1-302-1;;;;;;
2-N9-403-5;;;;;;
2-O5-702-2;;;;;;
3-A1-402;;;;;;
3-A1-401;;;;;;
2-O5-805-3;;;;;;
2-O5-805-4;;;;;;
2-G2-101;;;;;;
2-O5-802-2;;;;;;
P-01-3-2-5;;;;;;
P-01-4-1;;;;;;
P-01-1-4;;;;;;
2-O5-704-1;;;;;;
2-N15-601-3;;;;;;
2-N17-602-3;;;;;;
2-N17-602-2;;;;;;
3-H3-705;;;;;;
2-H2-602-2;;;;;;
2-H2-603-1;;;;;;
2-H2-401-2;;;;;;
2-I1-102;;;;;;
2-I1-405;;;;;;
2-H2-504-1;;;;;;
2-F1-504-1;;;;;;
2-F1-603-1;;;;;;
N-07-5-4-4;;;;;;
2-I8-602;;;;;;
2-I8-603;;;;;;
2-G7-702;;;;;;
2-N17-302-6;;;;;;
2-M1-104-4;;;;;;
2-M1-104-5;;;;;;
R09-110;;;;;;
2-N1-402-2;;;;;;
N-03-5-5-1;;;;;;
2-H3-202;;;;;;
M-01-6-1;;;;;;
2-N3-303-3;;;;;;
3-A2-504;;;;;;
3-A2-503;;;;;;
3-A3-401;;;;;;
3-A9-508;;;;;;
2-N7-505-1;;;;;;
2-N7-503-2;;;;;;
2-N9-401-1;;;;;;
2-M5-404-1;;;;;;
L-17-15;;;;;;
2-N11-703-4;;;;;;
2-N11-703-3;;;;;;
;;;;;;
;;;;;;
3-D3-202;;;;;;
N-05-0-1-3;;;;;;
2-K4-301-1;;;;;;
2-K4-301-2;;;;;;
M-05-0-4;;;;;;
N-09-0-2;;;;;;
3-F1-503;;;;;;
M-06-5-4-2;;;;;;
2-I11-405;;;;;;
2-I11-406;;;;;;
2-O5-601-5;;;;;;
2-K4-303-3;;;;;;
2-K4-304-1;;;;;;
2-K4-305-1;;;;;;
3-B4-404;;;;;;
2-J2-508;;;;;;
2-J2-507;;;;;;
2-J6-701;;;;;;
2-O1-803-2;;;;;;
2-K6-306;;;;;;
2-O1-803-3;;;;;;
3-B4-403;;;;;;
2-N7-801-3;;;;;;
2-N3-405-4;;;;;;
2-M5-102-3;;;;;;
;;;;;;
M-04-2-3-5;;;;;;
2-H5-501;;;;;;
M-04-2-4-2;;;;;;
2-N17-503-2;;;;;;
2-O5-402-2;;;;;;
;;;;;;
2-N17-505-1;;;;;;
2-N17-505-2;;;;;;
2-N17-505-3;;;;;;
2-K7-401;;;;;;
N-05-4-4-2;;;;;;
N-01-4-1-1;;;;;;
2-K5-409;;;;;;
M-04-3-2-2;;;;;;
2-O1-701-2;;;;;;
2-N17-601-4;;;;;;
2-N17-401-3;;;;;;
2-N17-405-2;;;;;;
3-H6-301;;;;;;
3-H6-302;;;;;;
2-O3-603-5;;;;;;
2-N17-604-3;;;;;;
;;;;;;
3-H2-104;;;;;;
3-H2-103;;;;;;
;;;;;;
M-06-5-1-4;;;;;;
2-K4-305-2;;;;;;
2-M3-201-4;;;;;;
2-M3-201-3;;;;;;
2-M3-201-2;;;;;;
2-E5-701;;;;;;
M-04-3-1-6;;;;;;
M-04-0-2-1;;;;;;
2-H3-203;;;;;;
2-F1-203;;;;;;
3-F6-704;;;;;;
3-F6-705;;;;;;
M-04-3-2-4;;;;;;
pickware_unknown_location;;;;;;
2-I1-101;;;;;;
2-N1-602-2;;;;;;
2-N1-602-3;;;;;;
M-01-4-4;;;;;;
M-03-6-6;;;;;;
2-I8-407;;;;;;
2-L1-404-4;;;;;;
2-M5-305-5;;;;;;
2-N7-803-4;;;;;;
2-N7-804-6;;;;;;
2-N7-803-3;;;;;;
3-A9-604;;;;;;
;;;;;;
M-04-3-1-2;;;;;;
3-H2-309;;;;;;
M-04-3-3-1;;;;;;
2-N7-301-2;;;;;;
2-G2-803;;;;;;
B-02-7-2;;;;;;
3-H1-202;;;;;;
;;;;;;
;;;;;;
3-F10-402;;;;;;
3-F10-401;;;;;;
3-H1-201;;;;;;
3-H6-209;;;;;;
3-H6-208;;;;;;
3-F4-302;;;;;;
2-K7-304;;;;;;
3-F9-203;;;;;;
3-F9-201;;;;;;
3-E2-704;;;;;;
3-F8-401;;;;;;
3-F8-402;;;;;;
3-H4-310;;;;;;
3-H4-309;;;;;;
3-H3-301;;;;;;
3-H3-302;;;;;;
3-H3-303;;;;;;
3-H3-304;;;;;;
2-L7-303-1;;;;;;
3-H3-101;;;;;;
3-F4-404;;;;;;
;;;;;;
2-L7-301-2;;;;;;
2-K3-401-2;;;;;;
2-I7-402-1;;;;;;
2-E3-702;;;;;;
2-E3-701;;;;;;
2-E3-602;;;;;;
L-18-15;;;;;;
2-N17-605-6;;;;;;
2-N17-605-5;;;;;;
2-N7-503-4;;;;;;
2-N7-304-2;;;;;;
3-B7-503;;;;;;
M-06-5-1-7;;;;;;
M-06-4-4-2;;;;;;
2-I8-605;;;;;;
2-I8-604;;;;;;
2-M1-501-5;;;;;;
M-06-4-3-4;;;;;;
2-I1-403;;;;;;
3-F9-103;;;;;;
2-M5-303-1;;;;;;
L-18-01-09;;;;;;
3-J4-401;;;;;;
3-J4-201;;;;;;
M-10-13;;;;;;
M-10-11;;;;;;
;;;;;;
;;;;;;
;;;;;;
;;;;;;
;;;;;;
2-N7-705-1;;;;;;
2-N7-705-4;;;;;;
R21-006-06;;;;;;
M-01-5-3;;;;;;
;;;;;;
;;;;;;
;;;;;;
2-J1-105;;;;;;
2-J2-605;;;;;;
N-03-3-3-1;;;;;;
;;;;;;
3-B4-406;;;;;;
2-N17-601-1;;;;;;
2-N17-602-4;;;;;;
2-N3-601-5;;;;;;
M-05-2-2;;;;;;
2-N5-401-5;;;;;;
2-K5-101;;;;;;
2-H2-401-3;;;;;;
L-18-01-31;;;;;;
;;;;;;
2-N17-304-5;;;;;;
N-12-5-2;;;;;;
2-N5-401-4;;;;;;
2-L5-101;;;;;;
;;;;;;
2-K6-706;;;;;;
;;;;;;
2-N5-401-3;;;;;;
;;;;;;
2-N5-401-2;;;;;;
2-I5-404-1;;;;;;
2-K4-302-1;;;;;;
2-N5-301-3;;;;;;
2-N3-605-2;;;;;;
;;;;;;
M-06-0-3-1;;;;;;
2-F1-703;;;;;;
M-01-6-4;;;;;;
N-03-4-5-1;;;;;;
2-M5-104-3;;;;;;
;;;;;;
M-05-4-4;;;;;;
L-08-1-4;;;;;;
2-N7-405-5;;;;;;
2-I8-402;;;;;;
;;;;;;
2-H1-804;;;;;;
;;;;;;
;;;;;;
2-H2-405-2;;;;;;
;;;;;;
2-I5-403-2;;;;;;
2-N17-404-1;;;;;;
2-N17-302-1;;;;;;
2-K4-702;;;;;;
2-N1-205-5;;;;;;
2-M5-105-6;;;;;;
;;;;;;
;;;;;;
2-I13-304;;;;;;
2-N7-804-4;;;;;;
3-H6-402;;;;;;
;;;;;;
2-L3-402-3;;;;;;
L-14-0-1-1;;;;;;
2-L7-606;;;;;;
2-K6-102;;;;;;
2-F3-705;;;;;;
2-H2-402-1;;;;;;
M-06-3-3-6;;;;;;
;;;;;;
2-N17-205-2;;;;;;
2-H2-402-3;;;;;;
;;;;;;
2-H2-304;;;;;;
2-L2-401-2;;;;;;
2-L4-402-5;;;;;;
2-H1-801;;;;;;
2-N13-604-6;;;;;;
2-H2-405-1;;;;;;
2-L1-404-5;;;;;;
2-G2-701;;;;;;
2-I5-404-2;;;;;;
;;;;;;
2-I1-204;;;;;;
2-I1-303;;;;;;
2-H2-403-1;;;;;;
N-05-2-4-1;;;;;;
M-06-0-3-3;;;;;;
2-I1-701;;;;;;
2-I1-501;;;;;;
2-I5-103;;;;;;
2-I3-101;;;;;;
3-H3-610;;;;;;
;;;;;;
2-M1-201-2;;;;;;
2-M5-305-1;;;;;;
2-M1-201-3;;;;;;
2-M1-201-1;;;;;;
2-N7-703-3;;;;;;
2-I1-203;;;;;;
2-M3-403-5;;;;;;
2-M3-202-6;;;;;;
2-M5-305-6;;;;;;
2-M5-305-3;;;;;;
2-H2-404-1;;;;;;
;;;;;;
2-M5-305-4;;;;;;
2-I1-202;;;;;;
2-H2-604-1;;;;;;
M-06-0-2-3;;;;;;
2-M5-501-4;;;;;;
;;;;;;
2-O5-601-4;;;;;;
M-06-1-4-1;;;;;;
;;;;;;
2-K4-703;;;;;;
2-K4-704;;;;;;
2-K6-702;;;;;;
;;;;;;
2-N7-705-6;;;;;;
2-M5-614;;;;;;
L-06-1-05;;;;;;
;;;;;;
2-N7-405-1;;;;;;
2-J2-201;;;;;;
2-N15-703-2;;;;;;
2-N15-703-3;;;;;;
R24-041;;;;;;
M-06-1-1-2;;;;;;
M-06-1-1-1;;;;;;
2-I5-405-2;;;;;;
2-I3-401;;;;;;
2-I5-403-1;;;;;;
2-N17-205-3;;;;;;
2-N17-205-5;;;;;;
2-L3-502;;;;;;
M-01-4-3;;;;;;
2-H2-305;;;;;;
2-F1-502-1;;;;;;
M-06-1-2-1;;;;;;
2-N17-603-5;;;;;;
2-N17-603-4;;;;;;
M-06-6-2-4;;;;;;
;;;;;;
;;;;;;
;;;;;;
N-03-1-2-1;;;;;;
L-18-01-02;;;;;;
R01-032-05;;;;;;
;;;;;;
;;;;;;
;;;;;;
;;;;;;
;;;;;;
;;;;;;
M-04-1-1-3;;;;;;
M-04-1-2-5;;;;;;
2-M3-201-5;;;;;;
2-N17-502-3;;;;;;
2-N17-402-1;;;;;;
2-N17-303-3;;;;;;
;;;;;;
M-04-1-2-4;;;;;;
2-O3-605-3;;;;;;
2-O5-604-5;;;;;;
2-H2-404-2;;;;;;
M-04-1-1-5;;;;;;
L-14-4-6-3;;;;;;
2-K1-301-3;;;;;;
M-01-3-5;;;;;;
;;;;;;
3-K2-201;;;;;;
3-K2-202;;;;;;
3-F2-803;;;;;;
3-F2-802;;;;;;
3-K2-102;;;;;;
3-K2-103;;;;;;
3-F8-504;;;;;;
3-F8-503;;;;;;
3-F4-503;;;;;;
3-F4-502;;;;;;
3-F6-803;;;;;;
3-F6-805;;;;;;
3-H4-201;;;;;;
3-H2-209;;;;;;
3-A4-502;;;;;;
3-A4-501;;;;;;
3-A4-506;;;;;;
3-A4-505;;;;;;
2-O3-603-4;;;;;;
2-O3-603-3;;;;;;
2-N3-405-2;;;;;;
2-N3-405-3;;;;;;
2-N5-401-1;;;;;;
2-H5-603;;;;;;
2-J6-402-3;;;;;;
3-F3-401;;;;;;
3-F3-402;;;;;;
2-N17-401-4;;;;;;
R24-178-06;;;;;;
R24-179-05;;;;;;
2-L1-301-5;;;;;;
2-L1-402-3;;;;;;
2-L1-201;;;;;;
2-L1-401-3;;;;;;
2-L1-302-1;;;;;;
2-L1-301-4;;;;;;
2-L1-402-1;;;;;;
2-L1-301-1;;;;;;
2-L1-301-2;;;;;;
2-L1-302-3;;;;;;
2-L1-301-3;;;;;;
2-K5-705-1;;;;;;
M-06-6-3-1;;;;;;
M-06-6-4-6;;;;;;
2-K5-308;;;;;;
R24-179-02;;;;;;
R24-178-04;;;;;;
R24-179-03;;;;;;
R24-178-05;;;;;;
R24-179-04;;;;;;
R24-179-01;;;;;;
R24-115-02;;;;;;
2-K5-802;;;;;;
2-K5-803;;;;;;
2-K5-701;;;;;;
2-K5-702-4;;;;;;
2-K5-205;;;;;;
2-O5-601-2;;;;;;
;;;;;;
;;;;;;
2-J6-705;;;;;;
M-06-5-4-4;;;;;;
;;;;;;
2-M3-706;;;;;;
N-05-5-5-4;;;;;;
2-M3-707;;;;;;
2-M3-708;;;;;;
2-N13-604-2;;;;;;
2-N5-601-4;;;;;;
2-N7-803-5;;;;;;
;;;;;;
2-K4-403-3;;;;;;
;;;;;;
2-K4-402-2;;;;;;
2-K4-402-3;;;;;;
N-10-2-5-1;;;;;;
2-N7-302-6;;;;;;
2-N9-302-6;;;;;;
N-13-0-2-5;;;;;;
L-18-13;;;;;;
L-18-08;;;;;;
2-N5-402-1;;;;;;
2-N5-501-4;;;;;;
2-N5-501-3;;;;;;
2-N5-502-2;;;;;;
;;;;;;
2-N5-501-2;;;;;;
2-N5-501-5;;;;;;
2-N5-501-1;;;;;;
pickware_unknown_location;;;;;;
2-K7-202;;;;;;
2-K7-203;;;;;;
3-H3-211;;;;;;
2-N1-804;;;;;;
2-N5-501-6;;;;;;
2-N5-502-1;;;;;;
N-01-3-2-5;;;;;;
;;;;;;
2-L1-303-1;;;;;;
2-N3-504-3;;;;;;
2-L1-302-2;;;;;;
N-05-5-3-4;;;;;;
3-F6-804;;;;;;
2-N7-703-6;;;;;;
2-N7-804-2;;;;;;
2-F3-801;;;;;;
2-F3-802;;;;;;
N-05-3-3-1;;;;;;
2-M1-604;;;;;;
;;;;;;
N-05-1-1-1;;;;;;
2-G3-1101;;;;;;
M-05-4-1;;;;;;
;;;;;;
2-N5-203-5;;;;;;
2-M1-501-1;;;;;;
2-N11-702-5;;;;;;
2-N3-505-2;;;;;;
2-N7-603-4;;;;;;
2-M5-601;;;;;;
2-N5-502-3;;;;;;
;;;;;;
2-M3-102-3;;;;;;
;;;;;;
2-N1-301-4;;;;;;
2-K6-304-2;;;;;;
2-K6-305-1;;;;;;
2-K6-305-2;;;;;;
;;;;;;
M-04-1-4-3;;;;;;
2-N13-604-1;;;;;;
;;;;;;
2-N3-202-4;;;;;;
3-F10-301;;;;;;
2-M3-402-1;;;;;;
2-N5-601-3;;;;;;
2-N3-504-2;;;;;;
;;;;;;
;;;;;;
3-H5-203;;;;;;
3-H5-202;;;;;;
3-A9-407;;;;;;
3-H3-506;;;;;;
3-F8-701;;;;;;
2-O3-701-6;;;;;;
2-N7-703-5;;;;;;
2-N15-603-6;;;;;;
R24-040-03;;;;;;
R24-040-04;;;;;;
2-N7-704-5;;;;;;
M-06-5-4-3;;;;;;
2-O5-603-6;;;;;;
2-O3-605-4;;;;;;
;;;;;;
2-O1-701-6;;;;;;
3-H3-501;;;;;;
3-H3-502;;;;;;
3-H4-208;;;;;;
3-H4-207;;;;;;
3-H3-106;;;;;;
R24-043-04;;;;;;
2-M5-405-6;;;;;;
2-M3-301-5;;;;;;
2-M3-301-4;;;;;;
3-F4-704;;;;;;
3-F8-804;;;;;;
3-H5-403;;;;;;
3-H1-204;;;;;;
3-H3-212;;;;;;
3-F2-302;;;;;;
3-F2-301;;;;;;
3-H6-308;;;;;;
2-M3-304-1;;;;;;
2-M5-405-1;;;;;;
R24-067-06;;;;;;
2-O5-304-2;;;;;;
2-N5-201-4;;;;;;
R24-156-08;;;;;;
3-F8-602;;;;;;
3-F8-601;;;;;;
3-H4-203;;;;;;
3-H2-206;;;;;;
M-06-2-3-3;;;;;;
2-G1-801;;;;;;
RL12-19;;;;;;
3-J4-201;;;;;;
RL12-03;;;;;;
3-J4-201;;;;;;
2-N7-404-3;;;;;;
3-A9-405;;;;;;
2-L2-206;;;;;;
M-05-4-3;;;;;;
;;;;;;
;;;;;;
L-14-5-3-1;;;;;;
2-K5-405;;;;;;
2-N3-505-1;;;;;;
;;;;;;
2-N5-302-1;;;;;;
;;;;;;
2-O1-804-3;;;;;;
2-O1-804-4;;;;;;
2-M1-304-2;;;;;;
;;;;;;
;;;;;;
2-M3-401-5;;;;;;
L-18-15;;;;;;
N-15-0-4;;;;;;
N-09-0-4-4;;;;;;
;;;;;;
2-J2-602;;;;;;
2-J2-601;;;;;;
N-01-3-4-3;;;;;;
2-I3-403;;;;;;
M-05-6-4;;;;;;
2-M1-708;;;;;;
2-M5-201;;;;;;
;;;;;;
3-H6-307;;;;;;
2-O1-803-6;;;;;;
2-O1-804-2;;;;;;
2-N5-201-2;;;;;;
2-N5-201-3;;;;;;
2-N7-405-2;;;;;;
;;;;;;
3-H3-403;;;;;;
3-F4-401;;;;;;
3-F4-501;;;;;;
2-N3-502-2;;;;;;
2-N11-505-3;;;;;;
2-N1-303-2;;;;;;
2-N3-203-3;;;;;;
2-N3-203-4;;;;;;
2-N5-201-5;;;;;;
2-N3-201-2;;;;;;
3-H4-301;;;;;;
3-H4-302;;;;;;
3-H3-503;;;;;;
3-H1-203;;;;;;
3-H3-409;;;;;;
3-F6-302;;;;;;
3-F6-301;;;;;;
3-H6-304;;;;;;
3-H6-303;;;;;;
3-F2-501;;;;;;
3-H3-602;;;;;;
3-H3-603;;;;;;
;;;;;;
3-H2-302;;;;;;
3-H2-301;;;;;;
3-F4-601;;;;;;
3-F2-602;;;;;;
2-M3-502-3;;;;;;
2-L4-506;;;;;;
;;;;;;
2-N9-402-1;;;;;;
2-N7-402-1;;;;;;
N-03-4-3-1;;;;;;
3-B3-403;;;;;;
3-B3-404;;;;;;
;;;;;;
R24-149-02;;;;;;
2-K5-306;;;;;;
2-M3-301-1;;;;;;
;;;;;;
2-I1-201;;;;;;
;;;;;;
2-J1-106;;;;;;
2-N3-202-3;;;;;;
;;;;;;
R24-077-02;;;;;;
;;;;;;
2-L2-402-3;;;;;;
2-L2-402-4;;;;;;
2-L7-403-3;;;;;;
;;;;;;
2-I5-402-1;;;;;;
2-M3-301-3;;;;;;
M-05-0-5;;;;;;
2-G9-704;;;;;;
M-13-03;;;;;;
3-F7-505;;;;;;
3-F7-506;;;;;;
2-N7-801-5;;;;;;
;;;;;;
R24-089-05;;;;;;
3-A3-503;;;;;;
3-A5-502;;;;;;
N-01-3-5-3;;;;;;
R24-084-01;;;;;;
2-N3-202-5;;;;;;
2-L1-604;;;;;;
N-01-5-2-1;;;;;;
R24-106-07;;;;;;
;;;;;;
R24-087-09;;;;;;
;;;;;;
2-N17-503-4;;;;;;
R24-089-01;;;;;;
R24-084-03;;;;;;
;;;;;;
2-O5-602-2;;;;;;
2-O3-705-3;;;;;;
2-O3-705-4;;;;;;
2-L3-102;;;;;;
2-N17-501-6;;;;;;
2-N17-205-4;;;;;;
2-K2-601;;;;;;
;;;;;;
2-O5-602-6;;;;;;
2-O3-705-5;;;;;;
2-O5-602-4;;;;;;
2-O3-704-5;;;;;;
2-N7-402-5;;;;;;
2-N7-402-4;;;;;;
2-N15-603-4;;;;;;
2-N15-603-5;;;;;;
3-B2-406;;;;;;
2-O3-704-6;;;;;;
;;;;;;
2-O3-703-5;;;;;;
R24-085-04;;;;;;
;;;;;;
;;;;;;
2-M3-301-2;;;;;;
;;;;;;
2-O5-602-3;;;;;;
R24-086-01;;;;;;
R24-086-02;;;;;;
2-O5-602-1;;;;;;
2-O3-703-6;;;;;;
;;;;;;
;;;;;;
2-I7-801;;;;;;
3-H1-302;;;;;;
3-H3-604;;;;;;
3-H3-605;;;;;;
G-1-4-3;;;;;;
3-H2-304;;;;;;
3-H2-303;;;;;;
3-F2-404;;;;;;
3-F2-403;;;;;;
3-H3-111;;;;;;
3-H3-305;;;;;;
3-D1-503;;;;;;
R24-087-01;;;;;;
3-A7-501;;;;;;
2-N7-404-6;;;;;;
2-O1-705-6;;;;;;
2-O1-703-6;;;;;;
2-N11-505-6;;;;;;
2-N3-201-5;;;;;;
2-K2-701;;;;;;
R24-106-05;;;;;;
R24-106-08;;;;;;
R24-107-02;;;;;;
2-O5-603-1;;;;;;
;;;;;;
;;;;;;
3-H3-105;;;;;;
;;;;;;
R24-107-03;;;;;;
2-I5-501;;;;;;
R24-178-01;;;;;;
R24-107-01;;;;;;
R24-178-02;;;;;;
R24-178-03;;;;;;
2-N7-404-2;;;;;;
R24-106-01;;;;;;
;;;;;;
L-08-1-6;;;;;;
;;;;;;
2-L1-304-1;;;;;;
2-L1-502;;;;;;
2-L3-501;;;;;;
2-L3-401-1;;;;;;
2-O3-701-1;;;;;;
2-O1-802-3;;;;;;
M-03-4-4;;;;;;
N-11-1-5-3;;;;;;
;;;;;;
2-M3-504-3;;;;;;
R24-115-07;;;;;;
R24-115-01;;;;;;
R24-104-01;;;;;;
2-J6-503;;;;;;
R24-115-09;;;;;;
2-J6-403-1;;;;;;
2-L5-203;;;;;;
2-L5-204;;;;;;
;;;;;;
2-N11-604-4;;;;;;
2-K3-402-3;;;;;;
2-L1-404-1;;;;;;
2-L1-404-2;;;;;;
2-L3-301-3;;;;;;
R24-115-05;;;;;;
2-M1-504-4;;;;;;
3-H2-205;;;;;;
2-M1-302-1;;;;;;
2-M3-501-5;;;;;;
;;;;;;
2-L3-401-3;;;;;;
N-01-2-5-4;;;;;;
2-O1-804-5;;;;;;
3-H5-101;;;;;;
2-N3-404-4;;;;;;
N-05-1-2-1;;;;;;
2-N1-601-4;;;;;;
2-N1-704-2;;;;;;
2-J1-101;;;;;;
2-O3-703-4;;;;;;
3-B3-501;;;;;;
3-B3-503;;;;;;
M-01-7-7;;;;;;
2-N3-502-3;;;;;;
;;;;;;
2-F1-804;;;;;;
2-F3-201;;;;;;
2-F3-601-2;;;;;;
2-I1-402;;;;;;
2-M3-501-3;;;;;;
2-F1-505-1;;;;;;
2-K6-705;;;;;;
2-F3-701;;;;;;
2-F3-502-1;;;;;;
2-M1-304-5;;;;;;
N-07-3-4-2;;;;;;
2-M3-401-3;;;;;;
2-H2-203;;;;;;
;;;;;;
2-M3-303-3;;;;;;
R24-087-07;;;;;;
2-O3-605-1;;;;;;
M-01-3-4;;;;;;
N-15-0-3;;;;;;
2-M5-301-2;;;;;;
2-L1-304-2;;;;;;
3-H3-405;;;;;;
3-D1-201;;;;;;
3-D1-204;;;;;;
3-D1-203;;;;;;
3-D1-202;;;;;;
3-H3-702;;;;;;
3-H3-703;;;;;;
3-H4-406;;;;;;
3-H4-405;;;;;;
3-F2-702;;;;;;
3-H4-202;;;;;;
3-H2-207;;;;;;
3-F8-805;;;;;;
3-F6-801;;;;;;
3-F6-802;;;;;;
3-F8-705;;;;;;
2-O5-602-5;;;;;;
2-O1-705-5;;;;;;
pickware_unknown_location;;;;;;
2-M1-303-3;;;;;;
2-N3-204-5;;;;;;
2-N9-302-3;;;;;;
2-N7-303-3;;;;;;
R24-149-03;;;;;;
2-N3-201-6;;;;;;
2-N9-301-4;;;;;;
2-L3-301-5;;;;;;
2-L7-403-4;;;;;;
;;;;;;
2-K4-503;;;;;;
R24-143-01;;;;;;
R24-143-02;;;;;;
R24-144-01;;;;;;
R24-144-02;;;;;;
2-N17-502-2;;;;;;
;;;;;;
2-N17-501-2;;;;;;
;;;;;;
2-M3-303-1;;;;;;
2-N17-403-3;;;;;;
;;;;;;
2-M5-105-2;;;;;;
2-M5-502-1;;;;;;
;;;;;;
2-I7-702;;;;;;
2-I7-703;;;;;;
2-N5-302-4;;;;;;
;;;;;;
3-A2-601;;;;;;
3-A2-602;;;;;;
3-F6-602;;;;;;
3-F6-601;;;;;;
;;;;;;
R24-145-04;;;;;;
2-O5-803-2;;;;;;
2-O5-803-3;;;;;;
3-H5-204;;;;;;
R24-142-08;;;;;;
R24-145-07;;;;;;
2-G1-1201;;;;;;
;;;;;;
R24-147-01;;;;;;
3-J4-101;;;;;;
3-J2-101;;;;;;
3-J4-101;;;;;;
R24-146-02;;;;;;
3-H3-606;;;;;;
3-H3-607;;;;;;
2-M1-302-2;;;;;;
3-H2-306;;;;;;
2-K7-402;;;;;;
2-K7-403;;;;;;
2-K3-503;;;;;;
2-K3-401-1;;;;;;
2-K4-405-3;;;;;;
2-K3-501;;;;;;
2-K1-504;;;;;;
2-G5-701;;;;;;
;;;;;;
3-A3-603;;;;;;
;;;;;;
3-A1-603;;;;;;
2-O1-803-1;;;;;;
3-A1-301;;;;;;
R24-104-05;;;;;;
;;;;;;
2-O1-803-4;;;;;;
R24-089-04;;;;;;
R24-084-08;;;;;;
R24-151-01;;;;;;
2-O1-801-6;;;;;;
2-O1-802-1;;;;;;
2-O1-802-5;;;;;;
2-O3-705-1;;;;;;
;;;;;;
2-O3-802-3;;;;;;
2-O5-303-2;;;;;;
2-O5-601-1;;;;;;
2-N7-702-3;;;;;;
2-N7-702-5;;;;;;
L-18-05;;;;;;
L-18-02;;;;;;
3-F2-101;;;;;;
2-M1-701;;;;;;
2-M5-202;;;;;;
;;;;;;
3-F3-205;;;;;;
3-F3-204;;;;;;
RL12-29;;;;;;
3-F6-502;;;;;;
3-H4-306;;;;;;
3-B3-502;;;;;;
3-B3-505;;;;;;
3-F1-403;;;;;;
2-I8-405-4;;;;;;
2-I8-405-2;;;;;;
2-I8-403;;;;;;
2-I8-404;;;;;;
;;;;;;
3-D2-506;;;;;;
3-D2-505;;;;;;
2-M3-101-4;;;;;;
2-K3-601;;;;;;
3-D2-501;;;;;;
N-03-4-4-3;;;;;;
2-N7-501-5;;;;;;
2-L3-301-1;;;;;;
2-N5-204-4;;;;;;
3-D3-602;;;;;;
M-24-6-1;;;;;;
3-H3-512;;;;;;
3-H3-510;;;;;;
3-H3-514;;;;;;
3-H3-205;;;;;;
3-H3-515;;;;;;
3-H3-511;;;;;;
R24-156-06;;;;;;
R24-165-04;;;;;;
;;;;;;
N-05-2-2-2;;;;;;
2-O5-604-3;;;;;;
2-K4-304-3;;;;;;
2-H1-802;;;;;;
2-N15-702-4;;;;;;
R24-146-03;;;;;;
R24-166-05;;;;;;
R24-150-03;;;;;;
M-01-7-5;;;;;;
2-N11-504-3;;;;;;
2-N11-504-1;;;;;;
3-F2-805;;;;;;
3-F2-804;;;;;;
2-O5-604-6;;;;;;
2-L7-301-1;;;;;;
2-N17-305-1;;;;;;
2-N17-605-3;;;;;;
;;;;;;
3-D1-601;;;;;;
3-D1-502;;;;;;
2-N15-703-1;;;;;;
R24-051-02;;;;;;
3-H2-402;;;;;;
3-H2-401;;;;;;
2-I5-401-2;;;;;;
;;;;;;
RL10-13;;;;;;
R24-164-04;;;;;;
R24-164-03;;;;;;
2-N3-602-3;;;;;;
2-O3-702-2;;;;;;
2-L5-102;;;;;;
2-M5-103-3;;;;;;
2-L4-605;;;;;;
2-L3-203;;;;;;
2-N7-501-1;;;;;;
2-N7-101;;;;;;
2-N7-102;;;;;;
A-02-11;;;;;;
A-02-14;;;;;;
A-02-15;;;;;;
A-02-16;;;;;;
A-02-17;;;;;;
A-02-19;;;;;;
A-02-22;;;;;;
A-02-23;;;;;;
A-02-25;;;;;;
A-02-27;;;;;;
A-02-28;;;;;;
A-02-32;;;;;;
A-02-05;;;;;;
A-02-10;;;;;;
A-02-36;;;;;;
A-02-03;;;;;;
A-02-01;;;;;;
RL5-18;;;;;;
;;;;;;
2-N7-204-1;;;;;;
A-02-31;;;;;;
A-02-35;;;;;;
A-02-26;;;;;;
A-02-21;;;;;;
A-02-33;;;;;;
A-02-13;;;;;;
A-02-12;;;;;;
2-E2-302;;;;;;
M-09-6-3;;;;;;
;;;;;;
2-N11-505-1;;;;;;
2-N11-503-5;;;;;;
N-03-1-5-2;;;;;;
N-01-3-4-2;;;;;;
N-05-3-2-1;;;;;;
2-N11-802-4;;;;;;
;;;;;;
R24-183-05;;;;;;
2-K7-101;;;;;;
2-N7-802-4;;;;;;
2-N7-802-3;;;;;;
2-N11-802-3;;;;;;
2-K5-506;;;;;;
A-02-07;;;;;;
A-02-18;;;;;;
A-02-20;;;;;;
A-02-29;;;;;;
A-02-53;;;;;;
A-02-54;;;;;;
A-02-30;;;;;;
A-02-58;;;;;;
A-02-50;;;;;;
A-02-59;;;;;;
A-02-52;;;;;;
A-02-45;;;;;;
A-02-41;;;;;;
A-02-04;;;;;;
A-02-61;;;;;;
A-02-34;;;;;;
A-02-40;;;;;;
A-02-43;;;;;;
A-02-42;;;;;;
A-02-39;;;;;;
A-02-09;;;;;;
A-02-06;;;;;;
A-02-60;;;;;;
A-02-47;;;;;;
A-02-44;;;;;;
A-02-46;;;;;;
A-02-02;;;;;;
A-02-57;;;;;;
A-02-56;;;;;;
A-02-51;;;;;;
A-02-24;;;;;;
A-02-08;;;;;;
A-02-49;;;;;;
A-02-48;;;;;;
A-02-38;;;;;;
A-02-37;;;;;;
A-02-55;;;;;;
2-N11-603-1;;;;;;
;;;;;;
2-K1-303-2;;;;;;
2-O3-604-1;;;;;;
2-O3-604-3;;;;;;
2-N15-801-4;;;;;;
2-K4-401-3;;;;;;
2-N15-802-6;;;;;;
L-14-2-2-1;;;;;;
L-14-2-2-2;;;;;;
3-A1-403;;;;;;
2-N11-601-3;;;;;;
;;;;;;
2-O5-805-2;;;;;;
2-O5-805-6;;;;;;
2-O5-805-1;;;;;;
2-O5-804-6;;;;;;
2-K6-204;;;;;;
2-K6-406-3;;;;;;
2-O3-602-6;;;;;;
3-F9-301;;;;;;
3-F9-302;;;;;;
J-02-6-2;;;;;;
2-N15-803-2;;;;;;
2-M5-505-1;;;;;;
2-O5-703-5;;;;;;
2-O5-802-5;;;;;;
2-O5-802-6;;;;;;
P-01-3-2-4;;;;;;
P-01-3-2-1;;;;;;
P-01-3-2-3;;;;;;
P-01-3-2-2;;;;;;
2-J6-602;;;;;;
;;;;;;
2-F1-802;;;;;;
2-N11-604-2;;;;;;
2-N11-701-6;;;;;;
N-03-3-5-4;;;;;;
;;;;;;
;;;;;;
M-27-6-3;;;;;;
M-03-0-3;;;;;;
2-N7-802-5;;;;;;
2-O5-605-1;;;;;;
2-O5-605-2;;;;;;
2-O5-605-3;;;;;;
2-O5-605-4;;;;;;
2-O5-605-5;;;;;;
2-O5-605-6;;;;;;
;;;;;;
N-05-5-5-1;;;;;;
2-N11-801-3;;;;;;
2-E3-301;;;;;;
2-E5-202;;;;;;
2-E5-201;;;;;;
2-E3-302;;;;;;
2-E5-602;;;;;;
2-E3-201;;;;;;
2-E3-202;;;;;;
2-E5-402;;;;;;
2-E3-401;;;;;;
N-21-4-1-3;;;;;;
2-N9-601-4;;;;;;
2-N11-801-1;;;;;;
2-N11-705-2;;;;;;
N-05-1-3-2;;;;;;
N-05-1-5-2;;;;;;
;;;;;;
;;;;;;
M-05-6-5;;;;;;
;;;;;;
N-05-1-2-2;;;;;;
2-N11-402-1;;;;;;
2-O3-704-3;;;;;;
M-04-6-2-4;;;;;;
M-04-6-2-2;;;;;;
2-N17-604-4;;;;;;
2-N17-604-6;;;;;;
P-01-3-3-1;;;;;;
P-01-3-3-4;;;;;;
P-01-3-3-2;;;;;;
pickware_unknown_location;;;;;;
P-01-3-4-1;;;;;;
P-01-3-3-3;;;;;;
P-01-3-1-2;;;;;;
P-01-3-1-1;;;;;;
2-N11-405-6;;;;;;
N-05-3-2-4;;;;;;
P-01-3-1-4;;;;;;
2-E2-406;;;;;;
2-E5-401;;;;;;
M-03-3-4;;;;;;
P-01-4-6;;;;;;
;;;;;;
;;;;;;
M-06-2-4-5;;;;;;
;;;;;;
pickware_unknown_location;;;;;;
2-N11-804-3;;;;;;
2-E2-304;;;;;;
3-H3-505;;;;;;
P-01-6-7;;;;;;
;;;;;;
M-06-3-3-3;;;;;;
;;;;;;
M-06-3-3-1;;;;;;
M-06-3-3-5;;;;;;
M-06-3-3-2;;;;;;
2-N11-502-1;;;;;;
2-N13-601-2;;;;;;
2-N11-705-6;;;;;;
2-G9-301;;;;;;
2-N7-502-1;;;;;;
2-N11-702-3;;;;;;
;;;;;;
P-01-2-2;;;;;;
2-N11-602-4;;;;;;
P-01-4-4;;;;;;
;;;;;;
M-05-1-1;;;;;;
2-I11-503-3;;;;;;
3-F10-603;;;;;;
;;;;;;
3-D3-302;;;;;;
3-D2-504;;;;;;
M-03-4-2;;;;;;
N-03-1-1-4;;;;;;
N-01-2-2-5;;;;;;
RL9-22;;;;;;
2-M1-501-3;;;;;;
2-M1-501-4;;;;;;
M-05-0-2;;;;;;
M-10-01;;;;;;
P-01-1-2;;;;;;
2-O5-603-2;;;;;;
2-O5-603-3;;;;;;
2-O5-603-4;;;;;;
2-O5-603-5;;;;;;
2-E2-305;;;;;;
2-E2-303;;;;;;
2-G5-301;;;;;;
2-N11-705-1;;;;;;
;;;;;;
R24-168-03;;;;;;
2-N7-502-3;;;;;;
R24-166-08;;;;;;
2-N7-502-4;;;;;;
R24-166-09;;;;;;
2-F3-501-2;;;;;;
2-N7-801-2;;;;;;
Lager OKM;;;;;;
;;;;;;
;;;;;;
2-N11-403-2;;;;;;
;;;;;;
2-M3-502-1;;;;;;
3-F4-701;;;;;;
3-F6-501;;;;;;
;;;;;;
;;;;;;
;;;;;;
2-N7-502-1;;;;;;
;;;;;;
2-N11-402-6;;;;;;
2-N11-403-3;;;;;;
2-N11-401-1;;;;;;
3-H2-413;;;;;;
3-H2-412;;;;;;
3-A6-502;;;;;;
3-A6-501;;;;;;
2-E2-602;;;;;;
pickware_unknown_location;;;;;;
3-A9-301;;;;;;
2-N7-503-3;;;;;;
2-O1-702-2;;;;;;
2-O5-703-4;;;;;;
2-N7-503-5;;;;;;
2-N7-401-3;;;;;;
;;;;;;
2-O1-701-5;;;;;;
2-N7-503-6;;;;;;
;;;;;;
3-A6-701;;;;;;
3-A6-702;;;;;;
;;;;;;
pickware_unknown_location;;;;;;
2-O5-702-3;;;;;;
2-O5-604-4;;;;;;
2-N7-504-3;;;;;;
N-07-3-2-4;;;;;;
2-N7-704-4;;;;;;
2-O1-702-3;;;;;;
;;;;;;
;;;;;;
R26-047;;;;;;
;;;;;;
3-A4-704;;;;;;
;;;;;;
2-N7-402-6;;;;;;
L-14-5-6-1;;;;;;
P-01-3-4-2;;;;;;
P-01-4-3;;;;;;
P-01-3-1-3;;;;;;
2-N7-305-2;;;;;;
2-N9-503-1;;;;;;
2-O1-802-4;;;;;;
2-O1-802-2;;;;;;
2-K2-504;;;;;;
2-G1-1001;;;;;;
2-L4-202;;;;;;
2-K4-505;;;;;;
3-A7-507;;;;;;
2-M5-403-2;;;;;;
2-O5-703-2;;;;;;
2-O1-701-3;;;;;;
;;;;;;
R24-168-07;;;;;;
2-O5-604-2;;;;;;
2-O5-604-1;;;;;;
3-A5-602;;;;;;
2-G9-602;;;;;;
N-34-0-3;;;;;;
2-H5-601;;;;;;
2-H3-201;;;;;;
2-K2-402-2;;;;;;
pickware_unknown_location;;;;;;
3-E2-702;;;;;;
2-K3-301-1;;;;;;
2-N9-402-5;;;;;;
2-N9-402-2;;;;;;
2-M3-304-6;;;;;;
;;;;;;
;;;;;;
2-K2-502;;;;;;
pickware_unknown_location;;;;;;
3-F3-502;;;;;;
;;;;;;
;;;;;;
2-O1-703-4;;;;;;
3-F8-301;;;;;;
3-F8-302;;;;;;
2-O5-502-6;;;;;;
2-N5-203-4;;;;;;
P-01-0-0;;;;;;
pickware_unknown_location;;;;;;
P-01-1-1;;;;;;
2-L2-501;;;;;;
P-01-3-3-5;;;;;;
;;;;;;
2-N7-304-3;;;;;;
2-M1-501-2;;;;;;
N-01-4-2-2;;;;;;
N-03-2-5-4;;;;;;
2-J1-204;;;;;;
2-H5-301;;;;;;
2-M3-503-6;;;;;;
;;;;;;
TS13-08;;;;;;
;;;;;;
2-N15-801-3;;;;;;
2-H5-503;;;;;;
2-L2-403-3;;;;;;
2-L2-403-2;;;;;;
M-05-2-1;;;;;;
2-H5-604;;;;;;
L-17-02;;;;;;
zw. E-01/E-02;;;;;;
L-26-0-1;;;;;;
;;;;;;
;;;;;;
;;;;;;
3-H2-403;;;;;;
;;;;;;
2-N17-402-6;;;;;;
C-02-3-4;;;;;;
2-N5-201-1;;;;;;
3-B3-401;;;;;;
;;;;;;
3-F8-501;;;;;;
2-I11-403;;;;;;
2-I11-404;;;;;;
2-I11-401;;;;;;
2-I11-402;;;;;;
;;;;;;
;;;;;;
2-I13-405;;;;;;
3-H6-210;;;;;;
;;;;;;
3-H3-612;;;;;;
N-01-0-3-3;;;;;;
3-F3-203;;;;;;
M-11-2-1;;;;;;
pickware_unknown_location;;;;;;
2-K4-302-2;;;;;;
3-D2-203;;;;;;
3-D1-304;;;;;;
3-D2-201;;;;;;
3-D1-303;;;;;;
I-01-4-1;;;;;;
3-H4-206;;;;;;
2-M1-103-6;;;;;;
2-N15-604-3;;;;;;
2-M1-103-1;;;;;;
2-M1-101-1;;;;;;
2-M3-503-3;;;;;;
M-05-3-2;;;;;;
R09-025;;;;;;
N-03-4-1-6;;;;;;
3-E2-701;;;;;;
2-L1-404-3;;;;;;
2-O3-801-1;;;;;;
M-04-3-2-1;;;;;;
2-M3-104-6;;;;;;
2-M3-403-1;;;;;;
2-M5-503-5;;;;;;
2-N3-303-6;;;;;;
2-N1-203-3;;;;;;
2-N1-203-2;;;;;;
2-N3-301-3;;;;;;
L-14-1-1-3;;;;;;
L-14-1-1-2;;;;;;
;;;;;;
2-N7-302-1;;;;;;
N-05-3-3-4;;;;;;
3-H3-309;;;;;;
3-H3-310;;;;;;
3-H3-307;;;;;;
3-H3-308;;;;;;
3-E2-501;;;;;;
3-E2-502;;;;;;
3-H3-407;;;;;;
3-H3-404;;;;;;
2-M1-304-1;;;;;;
2-N11-602-6;;;;;;
;;;;;;
N-01-5-4-1;;;;;;
;;;;;;
2-I7-701;;;;;;
2-N5-704-3;;;;;;
;;;;;;
2-N15-603-1;;;;;;
3-F1-304;;;;;;
2-N7-502-5;;;;;;
2-F1-603-2;;;;;;
;;;;;;
2-H2-603-3;;;;;;
2-I1-504-2;;;;;;
2-G2-201;;;;;;
2-H2-603-2;;;;;;
2-K2-703;;;;;;
2-N1-602-4;;;;;;
M-03-5-2;;;;;;
2-L5-504;;;;;;
2-L5-603;;;;;;
3-B6-301;;;;;;
3-B4-303;;;;;;
3-A9-603;;;;;;
2-N7-602-5;;;;;;
2-N11-804-5;;;;;;
;;;;;;
;;;;;;
2-N1-704-1;;;;;;
2-N1-704-4;;;;;;
;;;;;;
2-N3-301-4;;;;;;
2-N15-604-1;;;;;;
Mhle EO;;;;;;
2-K7-405;;;;;;
M-03-7-13;;;;;;
2-H2-703;;;;;;
2-H1-705;;;;;;
L-18-01-44;;;;;;
2-H1-704;;;;;;
2-H2-704;;;;;;
;;;;;;
2-K5-302;;;;;;
;;;;;;
;;;;;;
pickware_unknown_location;;;;;;
2-N3-302-3;;;;;;
2-N7-804-5;;;;;;
2-M1-702;;;;;;
3-F5-502;;;;;;
2-O1-702-5;;;;;;
2-N11-804-1;;;;;;
3-D3-507;;;;;;
3-B3-301;;;;;;
2-M5-102-1;;;;;;
2-M5-604;;;;;;
2-M3-401-6;;;;;;
2-M3-504-1;;;;;;
2-M5-603;;;;;;
2-J4-603;;;;;;
2-N3-503-5;;;;;;
;;;;;;
;;;;;;
3-H1-303;;;;;;
2-N1-603-1;;;;;;
2-O1-704-2;;;;;;
L-16-0-3;;;;;;
;;;;;;
3-F6-403;;;;;;
3-F6-404;;;;;;
M-06-0-4-2;;;;;;
M-05-5-1;;;;;;
;;;;;;
2-N7-203-2;;;;;;
2-F3-504-1;;;;;;
2-N17-604-2;;;;;;
3-F7-302;;;;;;
3-F7-303;;;;;;
M-06-0-2-1;;;;;;
2-O3-802-6;;;;;;
3-B3-402;;;;;;
2-O5-705-5;;;;;;
;;;;;;
;;;;;;
;;;;;;
;;;;;;
;;;;;;
;;;;;;
;;;;;;
;;;;;;
3-D3-508;;;;;;
;;;;;;
;;;;;;
;;;;;;
;;;;;;
;;;;;;
2-N7-604-2;;;;;;
2-N15-701-6;;;;;;
2-I7-601;;;;;;
2-I7-704;;;;;;
3-K2-104;;;;;;
N-01-1-4-1;;;;;;
M-01-7-11;;;;;;
L-14-2-6-1;;;;;;
3-A2-302;;;;;;
3-A2-301;;;;;;
P-0-0-2;;;;;;
P-01-1-2;;;;;;
P-0-0-1;;;;;;
P-01-1-3;;;;;;
;;;;;;
N-01-5-2-2;;;;;;
;;;;;;
3-D1-501;;;;;;
P-01-6-6;;;;;;
2-I7-603;;;;;;
2-I13-202;;;;;;
3-F4-402;;;;;;
3-H3-611;;;;;;
B-03-5-1;;;;;;
3-H6-205;;;;;;
3-F2-401;;;;;;
3-F2-402;;;;;;
3-H6-207;;;;;;
3-H2-208;;;;;;
3-D1-508;;;;;;
2-F1-504-2;;;;;;
N-05-1-1-4;;;;;;
2-F1-502-2;;;;;;
2-M5-401-6;;;;;;
;;;;;;
2-M3-502-2;;;;;;
2-K4-504;;;;;;
2-L5-401-2;;;;;;
N-07-3-5-2;;;;;;
2-N9-604-6;;;;;;
M-03-3-5;;;;;;
M-01-5-5;;;;;;
;;;;;;
;;;;;;
2-L4-606;;;;;;
3-A9-302;;;;;;
3-F1-501;;;;;;
2-N7-504-6;;;;;;
;;;;;;
3-F4-504;;;;;;
3-F4-703;;;;;;
;;;;;;
3-A9-403;;;;;;
3-H3-408;;;;;;
2-M1-403-4;;;;;;
;;;;;;
;;;;;;
;;;;;;
;;;;;;
;;;;;;
2-I13-802;;;;;;
M-06-3-4-3;;;;;;
P-01-5-5;;;;;;
2-N7-103;;;;;;
3-F9-101;;;;;;
3-F9-102;;;;;;
;;;;;;
pickware_unknown_location;;;;;;
2-I3-201;;;;;;
2-I3-202;;;;;;
2-N1-604-3;;;;;;
;;;;;;
2-L4-106;;;;;;
M-04-5-1-4;;;;;;
2-N1-603-5;;;;;;
2-N13-601-3;;;;;;
2-F1-101;;;;;;
2-N7-104;;;;;;
P-01-3-4-3;;;;;;
2-I8-405-3;;;;;;
M-05-4-2;;;;;;
2-N1-502-1;;;;;;
;;;;;;
pickware_unknown_location;;;;;;
3-H5-406;;;;;;
2-N11-602-5;;;;;;
2-M1-711;;;;;;
N-17-0-1;;;;;;
3-B3-504;;;;;;
2-N7-805-1;;;;;;
2-N1-202-4;;;;;;
2-I5-401-3;;;;;;
2-L5-602;;;;;;
2-L2-505;;;;;;
2-L2-504;;;;;;
2-L4-501;;;;;;
N-05-2-2-3;;;;;;
2-I8-502;;;;;;
2-N3-205-1;;;;;;
N-05-1-3-1;;;;;;
2-N3-302-1;;;;;;
2-O5-301-5;;;;;;
2-L1-401-2;;;;;;
2-L1-401-1;;;;;;
2-N3-304-2;;;;;;
2-N1-504-3;;;;;;
2-N3-503-4;;;;;;
2-N1-404-2;;;;;;
2-N7-304-1;;;;;;
2-O5-405-6;;;;;;
2-N9-301-5;;;;;;
;;;;;;
3-A4-303;;;;;;
3-A4-302;;;;;;
3-A4-301;;;;;;
3-F3-505;;;;;;
3-A1-602;;;;;;
2-N1-402-3;;;;;;
2-L4-604;;;;;;
3-A3-501;;;;;;
2-N9-404-1;;;;;;
2-N5-401-6;;;;;;
2-L4-107;;;;;;
2-M5-206-2;;;;;;
2-M5-206-1;;;;;;
2-F1-801;;;;;;
2-I7-206;;;;;;
2-I7-205;;;;;;
2-M1-704;;;;;;
3-A4-705;;;;;;
;;;;;;
M-03-7-8;;;;;;
L-18-01-33;;;;;;
;;;;;;
2-K5-403;;;;;;
2-I8-301;;;;;;
M-01-7-13;;;;;;
M-10-04;;;;;;
3-H3-109;;;;;;
2-M5-102-2;;;;;;
;;;;;;
2-N3-605-1;;;;;;
L-10-0-2-1;;;;;;
H-02-0-2;;;;;;
H-02-0-3;;;;;;
H-02-6-2;;;;;;
N-11-1-5-2;;;;;;
2-O1-705-2;;;;;;
2-E2-601;;;;;;
2-M5-105-1;;;;;;
2-M5-504-2;;;;;;
2-M5-101-3;;;;;;
2-M5-102-4;;;;;;
2-I8-505;;;;;;
2-F1-204;;;;;;
3-F2-504;;;;;;
2-N11-802-5;;;;;;
2-N1-503;;;;;;
L-18-01-45;;;;;;
2-K7-502;;;;;;
2-K7-501;;;;;;
2-K6-201;;;;;;
2-K1-503-1;;;;;;
2-K1-503-2;;;;;;
2-K3-504;;;;;;
2-M3-605;;;;;;
2-M3-103-6;;;;;;
2-M3-102-4;;;;;;
2-M1-504-5;;;;;;
2-M1-504-6;;;;;;
2-M3-701;;;;;;
R24-040-01;;;;;;
M-03-2-1;;;;;;
2-M3-702;;;;;;
M-03-5-1;;;;;;
M-03-6-1;;;;;;
2-M3-402-5;;;;;;
2-M3-403-4;;;;;;
2-M3-403-3;;;;;;
2-M3-703;;;;;;
2-M3-402-6;;;;;;
2-M1-104-2;;;;;;
2-M3-101-2;;;;;;
2-M1-402-6;;;;;;
2-K5-303;;;;;;
2-L1-504;;;;;;
2-L1-503;;;;;;
2-L1-505;;;;;;
2-K5-602-2;;;;;;
2-M1-502-2;;;;;;
2-M5-205;;;;;;
2-M1-403-2;;;;;;
2-L3-202;;;;;;
;;;;;;
2-M5-613;;;;;;
2-M3-502-4;;;;;;
;;;;;;
;;;;;;
;;;;;;
;;;;;;
2-M5-105-3;;;;;;
2-H5-101;;;;;;
2-L1-303-2;;;;;;
2-N5-204-3;;;;;;
L-18-01-22;;;;;;
2-E5-502;;;;;;
2-E5-302;;;;;;
2-E5-301;;;;;;
3-A4-401;;;;;;
3-A2-401;;;;;;
3-A2-403;;;;;;
3-A6-404;;;;;;
3-A6-401;;;;;;
2-O1-801-2;;;;;;
2-O1-801-1;;;;;;
3-A6-301;;;;;;
2-L2-401-5;;;;;;
2-L2-402-5;;;;;;
2-N11-505-2;;;;;;
R24-070-01;;;;;;
2-K5-704-1;;;;;;
;;;;;;
2-N17-501-1;;;;;;
2-M3-204-5;;;;;;
2-N17-501-3;;;;;;
2-N17-501-4;;;;;;
2-M1-304-6;;;;;;
2-M3-504-4;;;;;;
;;;;;;
2-N1-704-6;;;;;;
2-N1-603-3;;;;;;
2-N1-704-5;;;;;;
N-03-5-2-1;;;;;;
2-L4-402-1;;;;;;
2-L4-402-2;;;;;;
3-F3-206;;;;;;
N-07-0-2-3;;;;;;
M-06-1-4-3;;;;;;
;;;;;;
2-I1-502;;;;;;
3-A5-403;;;;;;
2-J2-701;;;;;;
2-N7-305-1;;;;;;
2-F1-602-1;;;;;;
2-N3-404-2;;;;;;
2-O3-705-2;;;;;;
;;;;;;
3-A4-402;;;;;;
3-A2-402;;;;;;
2-M3-304-5;;;;;;
2-L7-203;;;;;;
2-L2-104;;;;;;
2-L5-402-4;;;;;;
3-F3-501;;;;;;
;;;;;;
N-01-1-2-4;;;;;;
2-N7-301-6;;;;;;
N-26-1-2;;;;;;
Mhle EO;;;;;;
M-06-5-2-6;;;;;;
2-O5-803-1;;;;;;
2-N1-603-6;;;;;;
2-N17-501-5;;;;;;
M-06-5-2-2;;;;;;
N-03-4-2-1;;;;;;
N-07-3-5-3;;;;;;
M-04-1-4-2;;;;;;
pickware_unknown_location;;;;;;
2-N15-604-6;;;;;;
;;;;;;
;;;;;;
L-14-1-7-3;;;;;;
L-18-01-14;;;;;;
2-L7-402-3;;;;;;
N-07-0-5-1;;;;;;
;;;;;;
2-M3-502-6;;;;;;
pickware_unknown_location;;;;;;
2-N1-304-3;;;;;;
2-L7-302-2;;;;;;
M-06-3-1-5;;;;;;
;;;;;;
2-N5-603-4;;;;;;
2-N7-501-5;;;;;;
2-N9-503-2;;;;;;
;;;;;;
2-N7-501-4;;;;;;
2-M5-504-6;;;;;;
2-M5-501-5;;;;;;
2-M5-404-4;;;;;;
2-M5-504-4;;;;;;
2-M5-402-2;;;;;;
2-M1-705;;;;;;
2-M3-303-2;;;;;;
2-H2-505-2;;;;;;
N-03-0-6;;;;;;
2-L2-204;;;;;;
2-N3-602-4;;;;;;
2-N7-304-4;;;;;;
2-N7-304-5;;;;;;
;;;;;;
;;;;;;
;;;;;;
;;;;;;
;;;;;;
;;;;;;
;;;;;;
;;;;;;
;;;;;;
;;;;;;
;;;;;;
;;;;;;
;;;;;;
;;;;;;
;;;;;;
;;;;;;
;;;;;;
;;;;;;
;;;;;;
;;;;;;
;;;;;;
;;;;;;
;;;;;;
;;;;;;
;;;;;;
;;;;;;
;;;;;;
;;;;;;
;;;;;;
;;;;;;
;;;;;;
;;;;;;
;;;;;;
;;;;;;
;;;;;;
;;;;;;
;;;;;;
;;;;;;
;;;;;;
;;;;;;
;;;;;;
;;;;;;
;;;;;;
;;;;;;
;;;;;;
;;;;;;
;;;;;;
;;;;;;
;;;;;;
;;;;;;
;;;;;;
;;;;;;
;;;;;;
;;;;;;
;;;;;;
;;;;;;
;;;;;;
;;;;;;
;;;;;;
;;;;;;
;;;;;;
;;;;;;
;;;;;;
;;;;;;
;;;;;;
;;;;;;
;;;;;;
;;;;;;
;;;;;;
;;;;;;
;;;;;;
;;;;;;
;;;;;;
;;;;;;
;;;;;;
;;;;;;
;;;;;;
;;;;;;
;;;;;;
;;;;;;
;;;;;;
;;;;;;
;;;;;;
;;;;;;
3-A6-303;;;;;;
3-A6-304;;;;;;
;;;;;;
N-03-3-5-3;;;;;;
2-K7-404;;;;;;
2-N3-205-3;;;;;;
2-N7-804-3;;;;;;
2-N5-202-2;;;;;;
2-N3-204-4;;;;;;
2-N5-202-6;;;;;;
2-N5-204-2;;;;;;
2-N3-204-3;;;;;;
pickware_unknown_location;;;;;;
pickware_unknown_location;;;;;;
3-A9-402;;;;;;
3-A5-401;;;;;;
3-A9-509;;;;;;
3-A5-402;;;;;;
3-A9-503;;;;;;
2-L3-303-1;;;;;;
2-L3-303-2;;;;;;
M-06-3-1-7;;;;;;
2-N3-502-1;;;;;;
2-N1-504-2;;;;;;
2-N13-603-3;;;;;;
2-O5-503-3;;;;;;
;;;;;;
L-14-4-1-1;;;;;;
R24-168-02;;;;;;
2-O5-601-6;;;;;;
2-O3-601-2;;;;;;
3-F10-805;;;;;;
R24-086-11;;;;;;
2-I13-201;;;;;;
2-M3-201-6;;;;;;
Lager OKM;;;;;;
Lager OKM;;;;;;
;;;;;;
2-I5-601;;;;;;
;;;;;;
N-01-3-4-1;;;;;;
2-L4-603;;;;;;
N-03-5-3-3;;;;;;
3-F5-103;;;;;;
2-M3-504-5;;;;;;
2-N17-203-6;;;;;;
2-K2-704;;;;;;
2-N17-503-6;;;;;;
2-N17-503-5;;;;;;
2-I7-403-3;;;;;;
N-01-4-4-4;;;;;;
2-I7-501-3;;;;;;
2-I7-502-3;;;;;;
2-G5-801;;;;;;
M-01-5-1;;;;;;
3-D2-302;;;;;;
;;;;;;
3-D2-406;;;;;;
;;;;;;
3-D2-304;;;;;;
;;;;;;
;;;;;;
;;;;;;
3-D2-206;;;;;;
3-D2-303;;;;;;
;;;;;;
;;;;;;
;;;;;;
;;;;;;
;;;;;;
3-D2-602;;;;;;
3-B7-405;;;;;;
3-B7-501;;;;;;
L-08-1-3;;;;;;
C-03-0-3;;;;;;
2-O5-702-1;;;;;;
2-O5-702-4;;;;;;
2-O5-702-5;;;;;;
2-O5-703-3;;;;;;
2-O5-703-6;;;;;;
;;;;;;
3-D2-402;;;;;;
3-B7-401;;;;;;
3-B7-403;;;;;;
3-D2-403;;;;;;
3-D3-301;;;;;;
3-B7-502;;;;;;
;;;;;;
2-M5-303-6;;;;;;
2-M5-303-4;;;;;;
R24-110-07;;;;;;
L-18-01-41;;;;;;
R24-110-11;;;;;;
3-A3-601;;;;;;
R24-104-02;;;;;;
2-M5-301-3;;;;;;
R24-165-06;;;;;;
R24-104-03;;;;;;
M-02-2-2;;;;;;
2-M5-301-5;;;;;;
2-M3-302-6;;;;;;
R24-071-02;;;;;;
R24-110-01;;;;;;
M-04-2-4-1;;;;;;
2-M5-405-5;;;;;;
;;;;;;
AT-1-4-1;;;;;;
AT-1-4-3;;;;;;
;;;;;;
AT-1-0-2;;;;;;
AT-1-2-1;;;;;;
AT-1-3-4;;;;;;
AT-1-4-4;;;;;;
AT-1-1-1;;;;;;
AT-1-5-2;;;;;;
AT-1-5-4;;;;;;
AT-1-3-1;;;;;;
AT-1-3-2;;;;;;
AT-1-5-3;;;;;;
AT-1-5-1;;;;;;
;;;;;;
AT-1-3-3;;;;;;
AT-1-6-2;;;;;;
AT-1-6-1;;;;;;
AT-01-2;;;;;;
AT-1-1-2;;;;;;
2-M1-404-5;;;;;;
;;;;;;
;;;;;;
;;;;;;
;;;;;;
;;;;;;
;;;;;;
C-01-3-2;;;;;;
M-04-1-4-5;;;;;;
2-M3-402-4;;;;;;
;;;;;;
;;;;;;
I-02-5-3;;;;;;
;;;;;;
2-M5-305-2;;;;;;
M-07-3-3;;;;;;
3-D2-204;;;;;;
3-D3-304;;;;;;
3-D2-305;;;;;;
2-N1-501;;;;;;
2-N11-601-4;;;;;;
2-N3-604-2;;;;;;
2-O5-303-5;;;;;;
2-I7-805;;;;;;
R24-110-09;;;;;;
R24-110-04;;;;;;
R24-110-05;;;;;;
2-N9-402-4;;;;;;
3-D3-205;;;;;;
3-D3-204;;;;;;
3-D3-208;;;;;;
3-D3-209;;;;;;
3-D3-206;;;;;;
3-D3-201;;;;;;
3-D3-207;;;;;;
3-F1-201;;;;;;
3-A7-401;;;;;;
N-21-1-4;;;;;;
L-06-1-01;;;;;;
2-I13-810;;;;;;
M-26-3-2;;;;;;
2-N17-202-2;;;;;;
N-19-0-4;;;;;;
3-F1-204;;;;;;
3-H3-601;;;;;;
3-H3-406;;;;;;
N-05-3-3-3;;;;;;
2-N13-603-6;;;;;;
2-I13-401;;;;;;
2-I13-402;;;;;;
;;;;;;
2-K5-704-2;;;;;;
2-K5-810;;;;;;
2-K5-806;;;;;;
2-K5-809;;;;;;
2-K5-807;;;;;;
2-K5-705-4;;;;;;
2-K5-705-3;;;;;;
2-K5-808;;;;;;
R24-106-09;;;;;;
2-K5-504;;;;;;
2-K7-305;;;;;;
2-L7-506;;;;;;
2-L7-206;;;;;;
2-L7-401-1;;;;;;
2-L7-303-4;;;;;;
A-03-3-2;;;;;;
2-N7-303-5;;;;;;
2-L7-603;;;;;;
2-L7-504;;;;;;
2-L7-401-2;;;;;;
2-N3-201-4;;;;;;
2-L7-404-1;;;;;;
2-N5-203-1;;;;;;
2-N5-201-6;;;;;;
2-N5-204-5;;;;;;
2-N1-204-5;;;;;;
;;;;;;
;;;;;;
2-F1-901;;;;;;
2-F1-602-2;;;;;;
2-N15-601-4;;;;;;
2-L7-303-3;;;;;;
2-L1-402-2;;;;;;
2-N15-704-4;;;;;;
3-B2-701;;;;;;
;;;;;;
M-06-6-1-3;;;;;;
L-14-3-7-3;;;;;;
2-M5-405-2;;;;;;
2-L4-602;;;;;;
2-M5-405-3;;;;;;
2-M1-401-6;;;;;;
2-M3-102-6;;;;;;
2-M5-405-4;;;;;;
2-N17-202-3;;;;;;
2-M3-302-4;;;;;;
2-M3-503-4;;;;;;
2-L2-704;;;;;;
2-O5-405-4;;;;;;
2-O5-404-6;;;;;;
2-M3-403-2;;;;;;
2-N17-302-4;;;;;;
2-N7-805-6;;;;;;
2-L1-603;;;;;;
2-M3-503-5;;;;;;
L-14-4-7-4;;;;;;
;;;;;;
2-M5-304-5;;;;;;
;;;;;;
2-M5-304-2;;;;;;
2-M3-606;;;;;;
2-M3-601;;;;;;
2-M1-502-3;;;;;;
2-M5-301-6;;;;;;
2-N17-303-2;;;;;;
;;;;;;
2-O3-704-1;;;;;;
2-O3-704-4;;;;;;
3-A3-502;;;;;;
M-13-11;;;;;;
L-14-3-7-4;;;;;;
I-02-5-2;;;;;;
L-18-07;;;;;;
R24-019-04;;;;;;
2-M1-402-5;;;;;;
2-M1-402-4;;;;;;
R24-043-07;;;;;;
;;;;;;
2-M3-204-6;;;;;;
N-07-1-1-3;;;;;;
L-14-1-7-2;;;;;;
;;;;;;
2-N3-205-4;;;;;;
M-04-5-1-1;;;;;;
2-L7-204;;;;;;
;;;;;;
;;;;;;
L-18-01-15-1;;;;;;
M-05-6-2;;;;;;
;;;;;;
2-N11-401-2;;;;;;
2-N7-403-4;;;;;;
2-N7-403-5;;;;;;
2-O1-805-2;;;;;;
;;;;;;
2-N1-705-6;;;;;;
2-N1-705-5;;;;;;
2-N1-705-4;;;;;;
2-N1-705-3;;;;;;
2-N1-601-6;;;;;;
2-N1-604-2;;;;;;
2-N1-602-6;;;;;;
;;;;;;
M-01-2-1;;;;;;
2-M5-615;;;;;;
2-O5-301-1;;;;;;
2-N11-401-4;;;;;;
2-N7-502-6;;;;;;
R24-040-06;;;;;;
N-01-1-5-3;;;;;;
2-O5-301-6;;;;;;
2-O5-301-4;;;;;;
N-03-3-3-2;;;;;;
N-05-1-2-3;;;;;;
2-O1-702-4;;;;;;
L-14-3-1-2;;;;;;
2-O5-405-3;;;;;;
M-01-7-8;;;;;;
N-01-5-5-4;;;;;;
N-01-5-5-2;;;;;;
2-O5-505-2;;;;;;
;;;;;;
R24-040-05;;;;;;
2-K2-506;;;;;;
3-F2-102;;;;;;
2-O3-705-6;;;;;;
;;;;;;
;;;;;;
;;;;;;
;;;;;;
3-A5-302;;;;;;
3-A5-202;;;;;;
N-09-0-3-8;;;;;;
;;;;;;
M-04-3-2-3;;;;;;
L-16-2-6;;;;;;
M-03-4-5;;;;;;
L-08-4-8;;;;;;
R24-043-06;;;;;;
R24-071-05;;;;;;
M-03-3-1;;;;;;
R24-168-04;;;;;;
L-06-1-04;;;;;;
N-05-0-2-1;;;;;;
2-M5-104-5;;;;;;
M-11-2-2;;;;;;
2-N3-202-6;;;;;;
R24-071-06;;;;;;
R24-043-05;;;;;;
R24-076-01;;;;;;
N-11-0-1;;;;;;
L-18-01;;;;;;
M-10-09;;;;;;
2-O3-603-6;;;;;;
2-O3-702-5;;;;;;
2-O5-601-3;;;;;;
M-06-6-1-5;;;;;;
2-M3-302-2;;;;;;
R24-106-04;;;;;;
2-O3-604-5;;;;;;
2-M1-303-5;;;;;;
2-M3-302-3;;;;;;
pickware_unknown_location;;;;;;
pickware_unknown_location;;;;;;
2-M1-502-4;;;;;;
3-F1-404;;;;;;
AT-01-1;;;;;;
;;;;;;
2-M3-301-6;;;;;;
2-N3-301-5;;;;;;
3-B4-407;;;;;;
2-N9-503-4;;;;;;
2-N7-502-2;;;;;;
2-K5-604;;;;;;
2-K5-607;;;;;;
2-K5-801;;;;;;
2-K5-608;;;;;;
2-K5-610;;;;;;
2-K5-804;;;;;;
2-K5-603;;;;;;
2-K5-609;;;;;;
2-K5-611;;;;;;
2-K5-606;;;;;;
2-M5-102-5;;;;;;
pickware_unknown_location;;;;;;
2-N3-402-6;;;;;;
2-L3-401-2;;;;;;
N-07-3-1-7;;;;;;
D-07-0-3;;;;;;
M-06-4-2-2;;;;;;
N-07-2-3-2;;;;;;
;;;;;;
3-F6-503;;;;;;
2-O3-601-6;;;;;;
2-O5-504-1;;;;;;
2-O3-701-4;;;;;;
2-O3-603-2;;;;;;
L-18-11;;;;;;
2-N1-601-2;;;;;;
2-I1-401;;;;;;
2-N7-401-2;;;;;;
2-L2-403-4;;;;;;
2-K3-303-4;;;;;;
2-O5-702-6;;;;;;
R24-066-09;;;;;;
2-M1-703;;;;;;
2-N7-305-6;;;;;;
2-N7-305-5;;;;;;
2-K5-305;;;;;;
2-M1-103-3;;;;;;
;;;;;;
M-06-5-3-3;;;;;;
2-K1-301-4;;;;;;
N-07-1-1-1;;;;;;
3-F5-501;;;;;;
3-F5-504;;;;;;
L-10-0-1-1;;;;;;
3-F7-501;;;;;;
3-F3-506;;;;;;
2-K4-701;;;;;;
2-O3-802-1;;;;;;
2-I13-805;;;;;;
2-I13-804;;;;;;
2-I13-803;;;;;;
2-M1-103-2;;;;;;
2-N3-201-3;;;;;;
2-M3-504-2;;;;;;
;;;;;;
3-F5-503;;;;;;
N-05-1-3-3;;;;;;
3-A2-703;;;;;;
;;;;;;
2-N7-703-4;;;;;;
2-L5-501;;;;;;
2-M5-301-4;;;;;;
2-M5-302-2;;;;;;
pickware_unknown_location;;;;;;
2-M1-301-3;;;;;;
;;;;;;
3-A6-403;;;;;;
2-M5-207;;;;;;
;;;;;;
3-H6-405;;;;;;
2-G2-205;;;;;;
2-K5-307;;;;;;
L-16-5-1-3;;;;;;
N-15-0-1;;;;;;
3-F4-702;;;;;;
N-18-0-2;;;;;;
2-N17-301-5;;;;;;
M-06-1-4-2;;;;;;
M-10-05;;;;;;
L-18-01-25;;;;;;
M-03-7-3;;;;;;
M-03-7-5;;;;;;
M-03-7-1;;;;;;
N-21-0-3;;;;;;
2-M1-302-4;;;;;;
2-N7-404-1;;;;;;
3-F10-504;;;;;;
3-F10-503;;;;;;
2-N5-203-2;;;;;;
2-M1-706;;;;;;
2-M5-301-1;;;;;;
2-L5-201;;;;;;
2-L3-206;;;;;;
3-A6-405;;;;;;
2-N7-303-4;;;;;;
;;;;;;
3-H2-404;;;;;;
;;;;;;
2-M1-404-4;;;;;;
2-G9-703;;;;;;
;;;;;;
pickware_unknown_location;;;;;;
pickware_unknown_location;;;;;;
pickware_unknown_location;;;;;;
2-M3-303-4;;;;;;
;;;;;;
3-H6-403;;;;;;
;;;;;;
3-H6-404;;;;;;
3-H6-406;;;;;;
;;;;;;
C-01-2-1;;;;;;
2-M1-104-3;;;;;;
3-D2-503;;;;;;
;;;;;;
2-M1-102-6;;;;;;
3-F8-706;;;;;;
;;;;;;
;;;;;;
;;;;;;
Zwischen TS Regal und Warenpostplatz;;;;;;
;;;;;;
3-H3-401;;;;;;
pickware_unknown_location;;;;;;
;;;;;;
;;;;;;
;;;;;;
;;;;;;
2-O5-503-4;;;;;;
pickware_unknown_location;;;;;;
N-13-0-4;;;;;;
;;;;;;
;;;;;;
;;;;;;
2-O3-801-5;;;;;;
2-K5-407;;;;;;
M-05-1-2;;;;;;
;;;;;;
;;;;;;
2-I7-103;;;;;;
;;;;;;
2-O5-502-5;;;;;;
2-O5-503-5;;;;;;
L-06-2-10;;;;;;
L-06-1-10;;;;;;
;;;;;;
2-K4-303-2;;;;;;
2-K4-304-2;;;;;;
3-H2-305;;;;;;
pickware_unknown_location;;;;;;
;;;;;;
3-D2-404;;;;;;
3-D2-605;;;;;;
3-D2-405;;;;;;
;;;;;;
;;;;;;
;;;;;;
;;;;;;
;;;;;;
;;;;;;
3-D2-205;;;;;;
;;;;;;
3-D3-303;;;;;;
R24-098-01;;;;;;
;;;;;;
;;;;;;
3-B7-404;;;;;;
3-D2-604;;;;;;
3-D2-401;;;;;;
;;;;;;
2-N11-403-1;;;;;;
2-I1-205;;;;;;
TS11-08;;;;;;
N-09-3-3-1;;;;;;
N-03-1-1-1;;;;;;
2-N1-201-4;;;;;;
;;;;;;
2-N3-602-5;;;;;;
M-03-1-2;;;;;;
;;;;;;
2-I11-101;;;;;;
N-01-1-2-2;;;;;;
;;;;;;
;;;;;;
2-O5-503-6;;;;;;
2-L5-401-3;;;;;;
2-L5-402-1;;;;;;
2-L5-402-2;;;;;;
2-L5-303-2;;;;;;
2-L5-303-1;;;;;;
2-L5-402-3;;;;;;
2-O5-505-3;;;;;;
2-O1-702-1;;;;;;
2-M3-603;;;;;;
2-M3-604;;;;;;
2-M5-203;;;;;;
2-M1-712;;;;;;
2-I3-604;;;;;;
2-H2-705-1;;;;;;
L-18-01-11;;;;;;
M-13-07;;;;;;
2-K2-505;;;;;;
N-21-0-4;;;;;;
2-M5-611;;;;;;
2-M1-401-4;;;;;;
2-M1-404-3;;;;;;
2-M3-303-5;;;;;;
N-01-3-5-2;;;;;;
2-O5-502-4;;;;;;
N-01-3-1-1;;;;;;
2-G7-201;;;;;;
2-N17-201-3;;;;;;
2-G7-301;;;;;;
2-O5-502-2;;;;;;
2-O5-503-2;;;;;;
2-O5-501-5;;;;;;
2-O5-502-1;;;;;;
M-05-6-3;;;;;;
2-N3-204-2;;;;;;
2-M1-502-5;;;;;;
2-M1-303-6;;;;;;
R24-043-01;;;;;;
M-06-1-2-7;;;;;;
2-M5-402-1;;;;;;
;;;;;;
;;;;;;
L-16-3-4-2;;;;;;
N-07-3-2-1;;;;;;
2-K5-408;;;;;;
3-D1-509;;;;;;
3-D1-506;;;;;;
2-K5-402;;;;;;
N-30-6-2;;;;;;
2-I7-505-3;;;;;;
2-I7-505-2;;;;;;
;;;;;;
M-05-3-1;;;;;;
2-K5-401;;;;;;
;;;;;;
;;;;;;
M-03-3-2;;;;;;
;;;;;;
2-N7-502-5;;;;;;
2-N17-205-1;;;;;;
2-O5-504-5;;;;;;
2-M5-104-6;;;;;;
2-M5-302-4;;;;;;
2-I7-108;;;;;;
M-06-2-4-1;;;;;;
pickware_unknown_location;;;;;;
2-M5-104-4;;;;;;
2-O5-501-6;;;;;;
3-A7-506;;;;;;
2-N1-506;;;;;;
B-03-3-3;;;;;;
2-F1-706;;;;;;
Mhle EO;;;;;;
2-N17-502-6;;;;;;
N-30-0-2;;;;;;
N-01-1-3-1;;;;;;
2-N9-604-5;;;;;;
M-03-1-4;;;;;;
2-N3-0;;;;;;
;;;;;;
;;;;;;
2-N5-703-3;;;;;;
2-N9-302-1;;;;;;
;;;;;;
3-D1-602;;;;;;
2-N17-504-2;;;;;;
2-N17-401-2;;;;;;
;;;;;;
;;;;;;
;;;;;;
;;;;;;
;;;;;;
;;;;;;
;;;;;;
pickware_unknown_location;;;;;;
pickware_unknown_location;;;;;;
2-K3-304-3;;;;;;
2-N7-602-4;;;;;;
;;;;;;
3-F4-403;;;;;;
;;;;;;
;;;;;;
;;;;;;
;;;;;;
;;;;;;
;;;;;;
;;;;;;
2-N11-501-3;;;;;;
2-O1-703-5;;;;;;
2-O1-701-1;;;;;;
2-L4-505;;;;;;
3-D1-302;;;;;;
3-D1-301;;;;;;
2-M1-101-3;;;;;;
B-03-2-3;;;;;;
2-O3-804-6;;;;;;
L-16-0-1;;;;;;
2-K5-601-5;;;;;;
2-N11-501-4;;;;;;
2-K5-601-1;;;;;;
2-K5-602-5;;;;;;
2-K5-601-6;;;;;;
2-K5-605;;;;;;
2-K5-602-6;;;;;;
2-K5-602-3;;;;;;
2-K5-601-4;;;;;;
2-K5-601-2;;;;;;
2-K5-601-3;;;;;;
2-K5-706;;;;;;
2-K5-602-4;;;;;;
;;;;;;
;;;;;;
;;;;;;
;;;;;;
M-04-0-2-2;;;;;;
M-05-2-3;;;;;;
N-01-2-3-5;;;;;;
3-H3-107;;;;;;
3-H3-110;;;;;;
M-06-5-3-5;;;;;;
2-N13-601-4;;;;;;
2-N13-603-4;;;;;;
2-M5-304-4;;;;;;
2-M5-303-3;;;;;;
2-J1-103;;;;;;
;;;;;;
2-O3-602-1;;;;;;
2-N17-202-5;;;;;;
;;;;;;
2-N17-303-1;;;;;;
2-N7-704-3;;;;;;
2-I13-801;;;;;;
2-L1-506;;;;;;
2-O3-603-1;;;;;;
L-18-01-38;;;;;;
2-O5-401-4;;;;;;
2-O1-703-1;;;;;;
2-O1-701-4;;;;;;
L-18-01-39;;;;;;
2-N13-601-5;;;;;;
2-N13-602-5;;;;;;
M-01-7-10;;;;;;
3-D2-601;;;;;;
N-11-0-2-4;;;;;;
2-K7-702;;;;;;
2-K7-701;;;;;;
N-30-3-1;;;;;;
;;;;;;
;;;;;;
;;;;;;
;;;;;;
2-M5-404-5;;;;;;
2-M5-104-2;;;;;;
2-M3-607;;;;;;
;;;;;;
M-04-1-2-3;;;;;;
2-M1-201-6;;;;;;
2-M1-201-4;;;;;;
2-O3-702-6;;;;;;
;;;;;;
;;;;;;
2-M5-302-6;;;;;;
N-01-0-3-4;;;;;;
2-M1-201-5;;;;;;
;;;;;;
;;;;;;
2-M1-501-6;;;;;;
pickware_unknown_location;;;;;;
2-O5-504-6;;;;;;
;;;;;;
;;;;;;
L-16-3-4-3;;;;;;
;;;;;;
2-M5-302-5;;;;;;
2-K2-301-1;;;;;;
3-H3-608;;;;;;
3-H3-213;;;;;;
3-F3-201;;;;;;
3-F3-202;;;;;;
2-O5-404-3;;;;;;
2-M1-304-3;;;;;;
2-M1-304-4;;;;;;
;;;;;;
;;;;;;
;;;;;;
;;;;;;
N-26-7-2;;;;;;
3-F1-302;;;;;;
N-01-0-3-1;;;;;;
N-05-4-2-2;;;;;;
2-K7-604;;;;;;
2-K7-603;;;;;;
2-K7-602;;;;;;
2-K7-601;;;;;;
;;;;;;
2-L2-203;;;;;;
2-K6-307;;;;;;
3-F10-801;;;;;;
;;;;;;
;;;;;;
2-O5-705-3;;;;;;
;;;;;;
;;;;;;
2-M5-403-5;;;;;;
;;;;;;
;;;;;;
2-M5-403-3;;;;;;
2-M3-304-3;;;;;;
;;;;;;
R25-162-2;;;;;;
;;;;;;
2-L7-601;;;;;;
pickware_unknown_location;;;;;;
2-M1-302-5;;;;;;
;;;;;;
;;;;;;
R24-067-09;;;;;;
2-M1-502-6;;;;;;
2-M1-302-3;;;;;;
2-N1-604-4;;;;;;
2-N9-303-1;;;;;;
;;;;;;
;;;;;;
2-H5-801;;;;;;
2-N11-401-3;;;;;;
2-O5-303-4;;;;;;
;;;;;;
2-L7-304-2;;;;;;
2-L7-302-3;;;;;;
;;;;;;
;;;;;;
pickware_unknown_location;;;;;;
2-N7-803-2;;;;;;
2-O5-302-4;;;;;;
N-01-2-1-1;;;;;;
2-N7-404-4;;;;;;
2-M5-403-4;;;;;;
;;;;;;
;;;;;;
;;;;;;
2-N5-202-5;;;;;;
2-M5-401-5;;;;;;
2-M5-404-3;;;;;;
;;;;;;
N-09-0-5;;;;;;
2-M3-302-5;;;;;;
M-04-0-3-4;;;;;;
;;;;;;
M-06-1-1-6;;;;;;
;;;;;;
L-14-1-3-2;;;;;;
2-K5-204;;;;;;
L-18-01-19-1;;;;;;
L-18-01-20-1;;;;;;
2-N9-401-3;;;;;;
2-N9-401-4;;;;;;
2-N7-305-3;;;;;;
;;;;;;
;;;;;;
;;;;;;
;;;;;;
2-O5-801-6;;;;;;
;;;;;;
;;;;;;
;;;;;;
;;;;;;
;;;;;;
;;;;;;
;;;;;;
;;;;;;
;;;;;;
2-N3-0;;;;;;
L-06-1-03;;;;;;
2-N11-502-2;;;;;;
2-E3-502;;;;;;
;;;;;;
3-H6-203;;;;;;
3-H4-205;;;;;;
;;;;;;
2-N17-504-3;;;;;;
N-01-4-4-1;;;;;;
3-F8-502;;;;;;
3-H4-209;;;;;;
2-M3-304-2;;;;;;
M-06-2-3-2;;;;;;
L-16-5-1-4;;;;;;
2-O5-402-4;;;;;;
;;;;;;
2-M5-404-2;;;;;;
2-N11-601-2;;;;;;
N-05-5-4-3;;;;;;
2-I11-202;;;;;;
;;;;;;
;;;;;;
;;;;;;
M-03-1-5;;;;;;
3-B7-505;;;;;;
;;;;;;
;;;;;;
;;;;;;
;;;;;;
2-N9-401-2;;;;;;
;;;;;;
2-N9-401-5;;;;;;
2-N9-401-6;;;;;;
;;;;;;
N-05-3-1-5;;;;;;
;;;;;;
;;;;;;
;;;;;;
;;;;;;
;;;;;;
;;;;;;
R24-150-01;;;;;;
;;;;;;
;;;;;;
;;;;;;
;;;;;;
;;;;;;
2-O5-401-2;;;;;;
;;;;;;
2-L5-302-2;;;;;;
N-11-0-2-1;;;;;;
;;;;;;
;;;;;;
N-01-2-3-4;;;;;;
;;;;;;
;;;;;;
2-J2-502;;;;;;
;;;;;;
;;;;;;
M-05-5-2;;;;;;
;;;;;;
;;;;;;
L-18-01-36;;;;;;
;;;;;;
;;;;;;
2-M5-501-3;;;;;;
;;;;;;
N-07-1-5-3;;;;;;
2-N11-601-6;;;;;;
L-18-01-46;;;;;;
2-N3-503-3;;;;;;
2-N3-502-4;;;;;;
2-M5-602;;;;;;
;;;;;;
;;;;;;
;;;;;;
;;;;;;
;;;;;;
;;;;;;
2-M1-303-4;;;;;;
2-M1-301-2;;;;;;
;;;;;;
;;;;;;
;;;;;;
;;;;;;
;;;;;;
;;;;;;
;;;;;;
2-I5-504;;;;;;
2-I5-503;;;;;;
;;;;;;
2-M1-608;;;;;;
2-M1-404-6;;;;;;
;;;;;;
;;;;;;
2-M3-501-4;;;;;;
;;;;;;
2-M5-303-5;;;;;;
;;;;;;
2-I11-804;;;;;;
;;;;;;
2-M3-610;;;;;;
;;;;;;
;;;;;;
;;;;;;
;;;;;;
3-D1-401;;;;;;
;;;;;;
;;;;;;
;;;;;;
;;;;;;
;;;;;;
;;;;;;
;;;;;;
3-F4-602;;;;;;
3-F2-701;;;;;;
;;;;;;
;;;;;;
;;;;;;
;;;;;;
B-04-7-1;;;;;;
;;;;;;
;;;;;;
;;;;;;
;;;;;;
;;;;;;
3-F9-404;;;;;;
2-I3-503-2;;;;;;
2-L2-601;;;;;;
;;;;;;
;;;;;;
;;;;;;
;;;;;;
;;;;;;
2-N7-402-3;;;;;;
;;;;;;
;;;;;;
2-M1-301-1;;;;;;
2-M5-502-3;;;;;;
;;;;;;
L-18-01-30-1;;;;;;
N-07-0-5-2;;;;;;
;;;;;;
L-18-01-47;;;;;;
2-M3-304-4;;;;;;
3-H1-103;;;;;;
N-07-3-2-2;;;;;;
L-18-01-29-4;;;;;;
;;;;;;
;;;;;;
;;;;;;
3-H3-311;;;;;;
3-F10-804;;;;;;
;;;;;;
2-G7-703;;;;;;
;;;;;;
;;;;;;
2-N3-401-4;;;;;;
;;;;;;
;;;;;;
;;;;;;
;;;;;;
;;;;;;
pickware_unknown_location;;;;;;
;;;;;;
;;;;;;
;;;;;;
;;;;;;
2-N1-401-4;;;;;;
;;;;;;
;;;;;;
;;;;;;
;;;;;;
;;;;;;
;;;;;;
L-19-7;;;;;;
N-17-0-5;;;;;;
N-01-3-5-4;;;;;;
2-N11-401-5;;;;;;
2-N11-402-5;;;;;;
2-N11-405-2;;;;;;
2-N11-402-4;;;;;;
3-H6-202;;;;;;
L-18-01-30-3;;;;;;
2-N3-504-4;;;;;;
2-O5-504-3;;;;;;
2-M5-503-4;;;;;;
L-18-01-29-5;;;;;;
L-18-01-29-1;;;;;;
3-D1-505;;;;;;
2-N11-401-6;;;;;;
2-N7-401-6;;;;;;
2-N11-404-1;;;;;;
2-N7-702-4;;;;;;
2-N15-602-4;;;;;;
;;;;;;
;;;;;;
;;;;;;
;;;;;;
2-N5-202-1;;;;;;
2-N3-303-4;;;;;;
L-16-1-2-6;;;;;;
2-M5-304-1;;;;;;
2-N3-201-1;;;;;;
2-M5-304-3;;;;;;
;;;;;;
3-H6-401;;;;;;
N-01-4-4-2;;;;;;
2-O5-403-5;;;;;;
2-O5-303-6;;;;;;
;;;;;;
;;;;;;
L-14-5-7-5;;;;;;
2-O5-304-6;;;;;;
;;;;;;
L-14-5-7-3;;;;;;
;;;;;;
;;;;;;
;;;;;;
2-L7-304-3;;;;;;
2-L7-404-3;;;;;;
N-19-0-5;;;;;;
L-16-1-1-3;;;;;;
L-14-5-6-2;;;;;;
;;;;;;
2-L7-302-1;;;;;;
;;;;;;
L-16-1-1-4;;;;;;
L-16-5-1-5;;;;;;
2-O5-304-4;;;;;;
2-O5-502-3;;;;;;
2-N11-403-6;;;;;;
2-N5-504-2;;;;;;
2-N5-504-3;;;;;;
2-N3-601-3;;;;;;
2-N5-504-1;;;;;;
2-K6-308;;;;;;
M-02-1-6;;;;;;
2-M5-302-3;;;;;;
;;;;;;
L-16-1-2-3;;;;;;
L-16-1-2-2;;;;;;
N-01-5-4-5;;;;;;
L-16-5-1-2;;;;;;
L-16-1-1-2;;;;;;
2-N11-405-4;;;;;;
2-N11-404-4;;;;;;
2-N11-404-5;;;;;;
2-N11-404-3;;;;;;
2-N11-405-2;;;;;;
2-N11-405-5;;;;;;
;;;;;;
N-15-0-6;;;;;;
M-05-7-05;;;;;;
M-05-7-15;;;;;;
;;;;;;
;;;;;;
2-N11-404-2;;;;;;
2-N11-405-1;;;;;;
2-N11-405-3;;;;;;
2-O5-505-5;;;;;;
R24-066-08;;;;;;
;;;;;;
;;;;;;
M-06-4-2-5;;;;;;
2-I13-203;;;;;;
;;;;;;
;;;;;;
;;;;;;
;;;;;;
2-L2-404-5;;;;;;
L-16-5-1-1;;;;;;
;;;;;;
;;;;;;
;;;;;;
;;;;;;
;;;;;;
;;;;;;
3-F7-507;;;;;;
;;;;;;
3-F7-508;;;;;;
;;;;;;
AT-1-6-3;;;;;;
AT-1-2-2;;;;;;
AT-1-0-1;;;;;;
pickware_unknown_location;;;;;;
pickware_unknown_location;;;;;;
pickware_unknown_location;;;;;;
pickware_unknown_location;;;;;;
pickware_unknown_location;;;;;;
pickware_unknown_location;;;;;;
pickware_unknown_location;;;;;;
pickware_unknown_location;;;;;;
;;;;;;
pickware_unknown_location;;;;;;
pickware_unknown_location;;;;;;
pickware_unknown_location;;;;;;
;;;;;;
;;;;;;
;;;;;;
L-16-1-2-4;;;;;;
;;;;;;
;;;;;;
;;;;;;
2-N5-202-3;;;;;;
L-18-01-10;;;;;;
;;;;;;
;;;;;;
N-21-0-1;;;;;;
N-12-3-4;;;;;;
;;;;;;
;;;;;;
;;;;;;
;;;;;;
;;;;;;
;;;;;;
;;;;;;
;;;;;;
2-I11-503-2;;;;;;
;;;;;;
;;;;;;
;;;;;;
;;;;;;
;;;;;;
;;;;;;
TS01-05;;;;;;
2-O5-403-4;;;;;;
2-O5-305-4;;;;;;
2-O5-403-2;;;;;;
L-16-1-1-6;;;;;;
2-O5-401-3;;;;;;
;;;;;;
;;;;;;
3-H3-108;;;;;;
2-N11-402-3;;;;;;
;;;;;;
;;;;;;
N-08-6-2;;;;;;
M-04-3-2-1;;;;;;
L-14-5-6-5;;;;;;
3-F7-401;;;;;;
3-F7-402;;;;;;
3-F9-402;;;;;;
3-F9-401;;;;;;
3-B1-401;;;;;;
3-B1-402;;;;;;
2-K6-202;;;;;;
;;;;;;
;;;;;;
;;;;;;
;;;;;;
;;;;;;
;;;;;;
3-F4-802;;;;;;
3-F4-801;;;;;;
;;;;;;
;;;;;;
;;;;;;
;;;;;;
;;;;;;
;;;;;;
;;;;;;
;;;;;;
;;;;;;
pickware_unknown_location;;;;;;
;;;;;;
;;;;;;
;;;;;;
;;;;;;
;;;;;;
3-H3-509;;;;;;
;;;;;;
;;;;;;
N-19-0-1;;;;;;
;;;;;;
;;;;;;
3-B1-502;;;;;;
3-B1-501;;;;;;
3-B5-401;;;;;;
3-B2-303;;;;;;
;;;;;;
pickware_unknown_location;;;;;;
;;;;;;
;;;;;;
;;;;;;
N-03-3-4-3;;;;;;
;;;;;;
;;;;;;
;;;;;;
;;;;;;
;;;;;;
;;;;;;
;;;;;;
M-05-0-3;;;;;;
;;;;;;
;;;;;;
;;;;;;
;;;;;;
;;;;;;
2-L5-505;;;;;;
;;;;;;
;;;;;;
;;;;;;
;;;;;;
;;;;;;
;;;;;;
;;;;;;
;;;;;;
;;;;;;
;;;;;;
;;;;;;
2-J4-701;;;;;;
N-03-4-4-5;;;;;;
N-01-0-5-6;;;;;;
R24-084-04;;;;;;
2-N9-503-3;;;;;;
;;;;;;
;;;;;;
;;;;;;
;;;;;;
;;;;;;
;;;;;;
;;;;;;
;;;;;;
;;;;;;
;;;;;;
2-H2-502-2;;;;;;
2-L5-605;;;;;;
2-N17-301-3;;;;;;
2-I7-505-1;;;;;;
;;;;;;
2-K5-602-1;;;;;;
2-N7-502-6;;;;;;
2-O5-403-3;;;;;;
;;;;;;
2-N3-202-2;;;;;;
L-12-0-2-1;;;;;;
M-04-6-1-4;;;;;;
2-N15-602-2;;;;;;
3-E2-203;;;;;;
3-E2-202;;;;;;
3-F5-203;;;;;;
3-F5-202;;;;;;
3-F5-205;;;;;;
3-F5-204;;;;;;
3-E2-204;;;;;;
3-E2-604;;;;;;
M-11-0-1;;;;;;
3-E2-101;;;;;;
3-F4-803;;;;;;
3-F2-801;;;;;;
3-H3-202;;;;;;
3-F7-201;;;;;;
3-F7-202;;;;;;
3-H2-411;;;;;;
3-H2-410;;;;;;
3-H2-409;;;;;;
3-H2-408;;;;;;
3-H3-306;;;;;;
Mhle EO;;;;;;
3-H2-407;;;;;;
vor H-0-2;;;;;;
3-H2-406;;;;;;
vor H-0-1;;;;;;
3-H2-308;;;;;;
3-H2-307;;;;;;
3-H1-105;;;;;;
3-H1-104;;;;;;
3-H6-105;;;;;;
3-H6-102;;;;;;
3-A7-403;;;;;;
;;;;;;
3-H2-101;;;;;;
;;;;;;
;;;;;;
2-N9-602-5;;;;;;
pickware_unknown_location;;;;;;
3-H2-102;;;;;;
;;;;;;
2-J6-502;;;;;;
;;;;;;
;;;;;;
;;;;;;
2-J4-505;;;;;;
2-K4-507;;;;;;
2-K2-507;;;;;;
2-J4-506;;;;;;
3-A6-402;;;;;;
3-A6-302;;;;;;
2-L3-302-5;;;;;;
2-L3-303-5;;;;;;
2-L3-304-3;;;;;;
2-L3-304-4;;;;;;
2-L3-303-3;;;;;;
2-O5-505-6;;;;;;
2-J4-601;;;;;;
2-J2-510;;;;;;
2-J2-509;;;;;;
3-B6-501;;;;;;
2-J2-504;;;;;;
2-J2-503;;;;;;
2-J2-505;;;;;;
2-J2-506;;;;;;
N-24-2-6;;;;;;
3-B2-405;;;;;;
3-B2-404;;;;;;
3-B4-405;;;;;;
;;;;;;
;;;;;;
3-B6-502;;;;;;
A-03-0-8;;;;;;
3-F1-203;;;;;;
3-F1-305;;;;;;
3-F5-505;;;;;;
3-F5-506;;;;;;
;;;;;;
2-O5-505-4;;;;;;
2-L3-304-5;;;;;;
2-K2-503;;;;;;
;;;;;;
;;;;;;
;;;;;;
;;;;;;
2-L3-304-1;;;;;;
2-L3-304-2;;;;;;
2-L3-404-1;;;;;;
2-L3-404-2;;;;;;
2-L3-404-4;;;;;;
2-L3-404-3;;;;;;
A-03-0-3;;;;;;
R24-104-06;;;;;;
;;;;;;
;;;;;;
A-01-0-2;;;;;;
A-03-0-1;;;;;;
A-01-0-1;;;;;;
A-01-0-4;;;;;;
A-03-0-5;;;;;;
A-01-0-5;;;;;;
A-03-5-6;;;;;;
A-01-0-3;;;;;;
M-03-2-4;;;;;;
2-N5-602-4;;;;;;
M-06-0-1-1;;;;;;
A-03-5-4;;;;;;
;;;;;;
2-K5-301;;;;;;
A-01-0-9;;;;;;
3-D3-203;;;;;;
N-01-2-2-4;;;;;;
2-H2-104;;;;;;
;;;;;;
2-L4-504;;;;;;
2-L4-502;;;;;;
;;;;;;
;;;;;;
;;;;;;
3-A5-601;;;;;;
;;;;;;
3-A6-305;;;;;;
2-N7-403-6;;;;;;
2-N7-202-2;;;;;;
M-13-03;;;;;;
3-B6-601;;;;;;
;;;;;;
;;;;;;
A-01-4-4;;;;;;
A-03-3-3;;;;;;
A-01-4-5;;;;;;
;;;;;;
;;;;;;
;;;;;;
;;;;;;
;;;;;;
2-L4-103;;;;;;
2-L2-102;;;;;;
2-L4-105;;;;;;
2-L1-608;;;;;;
2-L3-604;;;;;;
2-L1-606;;;;;;
2-L1-605;;;;;;
2-L1-607;;;;;;
2-L3-605;;;;;;
;;;;;;
3-F1-502;;;;;;
;;;;;;
3-B5-501;;;;;;
;;;;;;
;;;;;;
2-I5-401-1;;;;;;
2-K3-704;;;;;;
2-K3-705;;;;;;
2-K3-706;;;;;;
2-K3-703;;;;;;
2-K3-401-3;;;;;;
3-A6-505;;;;;;
3-A6-506;;;;;;
M-13-02;;;;;;
M-13-06;;;;;;
2-I11-605;;;;;;
2-I11-604;;;;;;
2-I11-603;;;;;;
2-I11-606;;;;;;
A-01-3-8;;;;;;
A-03-5-5;;;;;;
2-N7-204-6;;;;;;
A-01-3-5;;;;;;
A-03-1-3;;;;;;
A-03-1-4;;;;;;
N-11-0-2-3;;;;;;
2-O5-302-3;;;;;;
2-N5-203-6;;;;;;
2-I5-402-2;;;;;;
2-H2-302;;;;;;
2-I3-601;;;;;;
2-H2-204;;;;;;
3-B4-604;;;;;;
3-B4-603;;;;;;
2-H2-202;;;;;;
2-M5-102-6;;;;;;
2-H2-105;;;;;;
;;;;;;
2-H2-103;;;;;;
2-H2-504-2;;;;;;
2-H2-301;;;;;;
2-I1-504-3;;;;;;
2-H2-503-2;;;;;;
2-H2-102;;;;;;
2-H2-303;;;;;;
2-H2-503-1;;;;;;
2-I3-605;;;;;;
2-I5-402-3;;;;;;
2-H2-101;;;;;;
2-I5-602;;;;;;
2-F3-503-1;;;;;;
2-I3-702;;;;;;
;;;;;;
2-F1-902;;;;;;
2-F3-501-1;;;;;;
2-F1-303;;;;;;
2-F3-602-2;;;;;;
A-01-5-3;;;;;;
A-01-1-3;;;;;;
A-03-5-3;;;;;;
A-03-1-5;;;;;;
N-03-1-3-3;;;;;;
2-H2-501-2;;;;;;
A-01-1-5;;;;;;
2-F3-805;;;;;;
2-F3-803;;;;;;
2-I5-201;;;;;;
A-01-5-5;;;;;;
2-I1-103;;;;;;
2-I8-302;;;;;;
2-I8-303;;;;;;
2-I8-306;;;;;;
2-I8-305;;;;;;
2-N15-703-5;;;;;;
2-N15-703-6;;;;;;
2-I8-408;;;;;;
;;;;;;
;;;;;;
2-H2-205;;;;;;
2-M1-603;;;;;;
2-M1-602;;;;;;
2-M1-607;;;;;;
2-M3-612;;;;;;
2-M3-609;;;;;;
2-M1-610;;;;;;
;;;;;;
;;;;;;
;;;;;;
3-D1-403;;;;;;
3-D1-402;;;;;;
;;;;;;
;;;;;;
;;;;;;
;;;;;;
A-03-0-9;;;;;;
A-01-2-1;;;;;;
2-N17-205-6;;;;;;
2-M3-101-5;;;;;;
;;;;;;
A-03-4-5;;;;;;
;;;;;;
;;;;;;
;;;;;;
2-J1-305;;;;;;
L-06-1-09;;;;;;
2-L5-506;;;;;;
;;;;;;
;;;;;;
N-17-3-1-6;;;;;;
3-A7-402;;;;;;
2-E2-505;;;;;;
2-N11-502-5;;;;;;
pickware_unknown_location;;;;;;
2-I13-305;;;;;;
;;;;;;
2-J1-307;;;;;;
3-A9-505;;;;;;
3-B6-602;;;;;;
3-B4-605;;;;;;
A-01-0-8;;;;;;
2-N1-604-5;;;;;;
2-N9-303-2;;;;;;
;;;;;;
;;;;;;
N-10-5-2;;;;;;
N-09-0-1;;;;;;
2-H1-402;;;;;;
N-17-0-2;;;;;;
N-01-0-1-3;;;;;;
2-N1-504-1;;;;;;
2-E5-501;;;;;;
A-01-1-4;;;;;;
2-N9-503-5;;;;;;
2-M3-101-6;;;;;;
A-03-0-7;;;;;;
2-M1-302-6;;;;;;
3-A7-404;;;;;;
3-A9-504;;;;;;
3-A6-503;;;;;;
3-A6-504;;;;;;
2-N7-405-6;;;;;;
L-06-1-08;;;;;;
2-N9-301-6;;;;;;
2-N7-501-6;;;;;;
2-E2-401;;;;;;
L-18-01-12;;;;;;
3-F6-701;;;;;;
3-D3-504;;;;;;
N-01-5-5-5;;;;;;
N-07-0-4;;;;;;
2-H2-402-2;;;;;;
K-01-1-1;;;;;;
;;;;;;
2-F1-202;;;;;;
M-11-4-4;;;;;;
N-08-3-2;;;;;;
;;;;;;
;;;;;;
pickware_unknown_location;;;;;;
P-0-0-0;;;;;;
3-H4-409;;;;;;
3-H4-410;;;;;;
3-H4-407;;;;;;
3-H4-304;;;;;;
3-H4-408;;;;;;
;;;;;;
;;;;;;
2-N1-505-6;;;;;;
2-N1-504-4;;;;;;
2-N1-505-2;;;;;;
2-N1-505-5;;;;;;
;;;;;;
2-N1-505-4;;;;;;
2-N5-303-1;;;;;;
2-N1-504-6;;;;;;
2-N1-504-5;;;;;;
;;;;;;
2-N1-505-3;;;;;;
M-03-7-9;;;;;;
2-N1-505-1;;;;;;
N-13-0-3-2;;;;;;
3-F4-303;;;;;;
3-F9-303;;;;;;
2-E5-601;;;;;;
N-05-0-5-1;;;;;;
N-08-3-3;;;;;;
N-08-3-1;;;;;;
2-K3-702;;;;;;
;;;;;;
;;;;;;
N-15-0-2;;;;;;
2-K7-704;;;;;;
2-K7-703;;;;;;
L-18-03;;;;;;
R24-035-03;;;;;;
L-08-5-1;;;;;;
3-H5-303;;;;;;
M-06-2-1-4;;;;;;
2-N7-303-2;;;;;;
2-N7-302-4;;;;;;
3-F5-201;;;;;;
3-E2-603;;;;;;
3-H4-404;;;;;;
3-H4-403;;;;;;
3-H3-504;;;;;;
3-H3-609;;;;;;
3-H3-203;;;;;;
2-J6-401-1;;;;;;
2-N3-205-6;;;;;;
3-H3-103;;;;;;
3-H6-407;;;;;;
A-03-3-2;;;;;;
;;;;;;
;;;;;;
2-K7-802;;;;;;
3-A4-102;;;;;;
3-A4-101;;;;;;
2-I11-503-1;;;;;;
;;;;;;
2-G3-801;;;;;;
;;;;;;
3-H5-402;;;;;;
3-H1-405;;;;;;
2-M3-101-3;;;;;;
;;;;;;
N-13-0-6;;;;;;
2-M5-101-4;;;;;;
N-21-0-2;;;;;;
L-06-1-06;;;;;;
2-I7-804;;;;;;
2-O5-304-5;;;;;;
2-N7-701-4;;;;;;
3-H5-401;;;;;;
3-H5-201;;;;;;
3-A9-404;;;;;;
;;;;;;
;;;;;;
2-N7-501-6;;;;;;
N-01-4-1-5;;;;;;
M-01-2-2;;;;;;
2-M3-202-5;;;;;;
TS04-06;;;;;;
N-30-5-4;;;;;;
2-K4-603;;;;;;
2-O3-602-4;;;;;;
2-O3-602-5;;;;;;
;;;;;;
2-N7-205-3;;;;;;
2-N17-304-3;;;;;;
N-01-1-1-1;;;;;;
2-N7-504-5;;;;;;
2-I13-302;;;;;;
3-F4-805;;;;;;
3-F4-804;;;;;;
N-13-0-5;;;;;;
N-13-0-6;;;;;;
;;;;;;
N-10-2-4;;;;;;
;;;;;;
;;;;;;
3-F4-806;;;;;;
3-F4-807;;;;;;
3-H6-204;;;;;;
pickware_unknown_location;;;;;;
N-10-1-1;;;;;;
pickware_unknown_location;;;;;;
3-D1-504;;;;;;
2-K7-801;;;;;;
;;;;;;
L-08-0-0;;;;;;
;;;;;;
2-O3-701-5;;;;;;
2-N11-605-3;;;;;;
N-03-4-2-5;;;;;;
2-O5-401-5;;;;;;
;;;;;;
M-06-5-1-5;;;;;;
;;;;;;
M-05-5-3;;;;;;
;;;;;;
;;;;;;
;;;;;;
2-M5-103-6;;;;;;
;;;;;;
3-F8-703;;;;;;
L-14-3-6-3;;;;;;
2-M3-102-5;;;;;;
3-F8-702;;;;;;
3-F8-704;;;;;;
M-06-1-2-4;;;;;;
3-A4-503;;;;;;
3-A4-504;;;;;;
D-06-2-2;;;;;;
M-06-4-1-1;;;;;;
N-11-0-4-3;;;;;;
3-A5-603;;;;;;
N-19-0-2;;;;;;
N-01-4-5-4;;;;;;
2-O5-403-6;;;;;;
2-K5-805;;;;;;
2-N1-405-1;;;;;;
2-N1-404-1;;;;;;
;;;;;;
2-N3-503-2;;;;;;
2-N3-0;;;;;;
2-N1-405-2;;;;;;
pickware_unknown_location;;;;;;
L-16-3-1;;;;;;
2-N3-502-5;;;;;;
N-13-0-2-3;;;;;;
N-13-0-2-6;;;;;;
N-13-0-2-4;;;;;;
2-N15-602-6;;;;;;
2-N15-704-6;;;;;;
N-05-0-4-2;;;;;;
2-N7-402-2;;;;;;
N-10-5-4;;;;;;
N-01-5-1-5;;;;;;
;;;;;;
2-M1-403-6;;;;;;
;;;;;;
;;;;;;
2-M5-401-4;;;;;;
;;;;;;
;;;;;;
N-11-0-4-5;;;;;;
2-M5-403-6;;;;;;
;;;;;;
2-M5-505-4;;;;;;
;;;;;;
2-N9-404-6;;;;;;
2-N9-404-5;;;;;;
2-N7-601-2;;;;;;
2-N7-601-6;;;;;;
L-16-4-3;;;;;;
L-06-1-01;;;;;;
;;;;;;
3-J4-301;;;;;;
2-M3-402-2;;;;;;
3-F4-301;;;;;;
N-01-1-1-2;;;;;;
pickware_unknown_location;;;;;;
;;;;;;
pickware_unknown_location;;;;;;
2-K2-702;;;;;;
N-03-4-4-5;;;;;;
2-M1-709;;;;;;
2-M5-204;;;;;;
2-M1-504-3;;;;;;
2-M3-602;;;;;;
2-M1-504-2;;;;;;
2-K4-402-1;;;;;;
2-N9-603-5;;;;;;
2-O5-305-5;;;;;;
2-I7-404-1;;;;;;
2-I7-403-1;;;;;;
N-03-5-2-4;;;;;;
2-N7-604-3;;;;;;
2-N7-501-2;;;;;;
2-N7-602-2;;;;;;
2-N7-602-6;;;;;;
2-N11-804-4;;;;;;
2-N11-801-5;;;;;;
2-E3-601;;;;;;
pickware_unknown_location;;;;;;
;;;;;;
L-16-2-7;;;;;;
2-I7-501-2;;;;;;
2-I7-502-2;;;;;;
2-I7-404-2;;;;;;
2-I7-403-2;;;;;;
2-N11-501-2;;;;;;
2-O1-805-5;;;;;;
2-O5-704-3;;;;;;
2-O1-805-3;;;;;;
2-O1-805-6;;;;;;
2-O3-801-3;;;;;;
2-O5-704-5;;;;;;
2-O1-805-4;;;;;;
2-O3-801-2;;;;;;
;;;;;;
;;;;;;
;;;;;;
;;;;;;
2-N3-601-2;;;;;;
2-O1-705-4;;;;;;
;;;;;;
;;;;;;
;;;;;;
;;;;;;
;;;;;;
2-O1-704-5;;;;;;
;;;;;;
;;;;;;
3-B6-403;;;;;;
2-K5-501;;;;;;
L-18-06;;;;;;
N-17-3-5;;;;;;
;;;;;;
;;;;;;
N-07-3-1-1;;;;;;
N-07-0-1-4;;;;;;
pickware_unknown_location;;;;;;
L-16-3-6-5;;;;;;
;;;;;;
L-16-3-6-3;;;;;;
N-07-0-2-2;;;;;;
N-09-0-3-6;;;;;;
;;;;;;
2-M3-404-6;;;;;;
2-M5-404-6;;;;;;
N-03-5-2-3;;;;;;
2-I7-604;;;;;;
;;;;;;
2-O3-804-2;;;;;;
2-O5-704-6;;;;;;
;;;;;;
;;;;;;
M-06-2-1-1;;;;;;
3-B6-402;;;;;;
pickware_unknown_location;;;;;;
M-05-1-3;;;;;;
N-03-2-4-1;;;;;;
2-O1-804-6;;;;;;
;;;;;;
3-F9-104;;;;;;
2-K4-602;;;;;;
2-K4-403-1;;;;;;
;;;;;;
2-O3-702-3;;;;;;
pickware_unknown_location;;;;;;
2-H3-702;;;;;;
N-17-0-4;;;;;;
N-09-0-4-3;;;;;;
2-N7-601-5;;;;;;
2-O3-703-3;;;;;;
2-O5-704-2;;;;;;
;;;;;;
;;;;;;
;;;;;;
N-05-0-4-4;;;;;;
;;;;;;
2-O3-702-1;;;;;;
2-N9-404-4;;;;;;
3-E2-201;;;;;;
;;;;;;
2-M5-103-2;;;;;;
;;;;;;
2-N17-304-2;;;;;;
2-N17-201-1;;;;;;
2-N17-304-6;;;;;;
2-N17-201-6;;;;;;
2-N17-202-1;;;;;;
2-N17-304-4;;;;;;
2-N17-203-3;;;;;;
2-N17-304-1;;;;;;
2-O3-605-5;;;;;;
2-O1-704-4;;;;;;
pickware_unknown_location;;;;;;
pickware_unknown_location;;;;;;
2-N3-302-6;;;;;;
;;;;;;
2-N15-601-5;;;;;;
;;;;;;
L-16-1-4-4;;;;;;
N-09-0-3-4;;;;;;
2-N11-705-5;;;;;;
2-N3-305-6;;;;;;
2-N3-305-5;;;;;;
2-N7-805-3;;;;;;
2-N3-305-3;;;;;;
2-N3-302-5;;;;;;
2-N3-303-5;;;;;;
2-N7-805-5;;;;;;
2-N7-805-4;;;;;;
N-07-0-1-2;;;;;;
;;;;;;
2-N7-805-2;;;;;;
;;;;;;
;;;;;;
L-16-1-3-2;;;;;;
L-16-1-4-5;;;;;;
;;;;;;
3-D3-505;;;;;;
L-16-1-3-1;;;;;;
2-N11-805-6;;;;;;
L-16-3-6-10;;;;;;
N-03-4-1-6;;;;;;
2-O3-601-3;;;;;;
;;;;;;
2-L5-606;;;;;;
;;;;;;
;;;;;;
;;;;;;
2-M3-104-4;;;;;;
3-A9-507;;;;;;
2-N1-204-4;;;;;;
2-N1-203-5;;;;;;
2-N1-204-3;;;;;;
2-N1-204-2;;;;;;
P-01-2-2-5;;;;;;
P-01-2-2-6;;;;;;
P-01-2-3-6;;;;;;
P-01-2-3-5;;;;;;
P-01-2-3-3;;;;;;
P-01-2-3-2;;;;;;
P-01-2-2-4;;;;;;
P-01-5-2-5;;;;;;
P-01-2-3-1;;;;;;
P-01-2-2-2;;;;;;
P-01-2-4-7;;;;;;
P-01-2-4-1;;;;;;
P-01-2-3-4;;;;;;
P-01-5-1-8;;;;;;
P-01-5-1-5;;;;;;
P-01-5-1-2;;;;;;
P-01-5-1-4;;;;;;
P-01-5-1-3;;;;;;
P-01-5-1-7;;;;;;
P-01-5-1-6;;;;;;
P-01-5-1-9;;;;;;
N-05-5-4-8;;;;;;
P-01-6-3;;;;;;
P-01-6-4;;;;;;
P-01-6-5;;;;;;
P-01-6-2;;;;;;
P-01-6-1;;;;;;
P-01-2-1-1;;;;;;
2-N5-203-3;;;;;;
2-N1-203-4;;;;;;
pickware_unknown_location;;;;;;
3-H1-101;;;;;;
3-H1-102;;;;;;
2-N1-303-4;;;;;;
2-N1-301-6;;;;;;
2-N1-303-5;;;;;;
2-N1-202-6;;;;;;
2-N1-302-2;;;;;;
2-N1-301-5;;;;;;
;;;;;;
N-01-1-5-6;;;;;;
pickware_unknown_location;;;;;;
2-N3-404-5;;;;;;
2-O3-702-4;;;;;;
2-O5-705-1;;;;;;
3-F6-702;;;;;;
3-F6-703;;;;;;
2-I7-208;;;;;;
2-N7-604-4;;;;;;
;;;;;;
;;;;;;
;;;;;;
;;;;;;
;;;;;;
;;;;;;
;;;;;;
2-I7-501-1;;;;;;
2-N3-203-1;;;;;;
2-I7-201;;;;;;
2-I7-202;;;;;;
2-I7-203;;;;;;
2-I7-204;;;;;;
;;;;;;
;;;;;;
;;;;;;
;;;;;;
;;;;;;
;;;;;;
;;;;;;
;;;;;;
;;;;;;
;;;;;;
;;;;;;
2-I11-201;;;;;;
;;;;;;
;;;;;;
2-I11-502-2;;;;;;
2-I11-501-2;;;;;;
2-I11-502-1;;;;;;
2-I11-501-1;;;;;;
2-M3-611;;;;;;
;;;;;;
;;;;;;
;;;;;;
;;;;;;
;;;;;;
2-M1-710;;;;;;
;;;;;;
;;;;;;
;;;;;;
;;;;;;
;;;;;;
;;;;;;
;;;;;;
2-M5-609;;;;;;
2-M5-608;;;;;;
;;;;;;
2-M1-503-6;;;;;;
M-01-7-2;;;;;;
;;;;;;
;;;;;;
;;;;;;
;;;;;;
2-M5-612;;;;;;
2-M5-606;;;;;;
2-M1-301-6;;;;;;
2-M1-301-4;;;;;;
2-M1-301-5;;;;;;
2-M5-610;;;;;;
;;;;;;
2-K3-701;;;;;;
N-17-3-4;;;;;;
2-N1-202-5;;;;;;
2-N3-301-1;;;;;;
N-03-2-5-6;;;;;;
2-N1-203-6;;;;;;
2-N1-205-6;;;;;;
2-N3-203-2;;;;;;
P-01-4-5;;;;;;
P-01-2-4-4;;;;;;
P-01-2-4-2;;;;;;
P-01-2-1-5;;;;;;
P-01-2-2-1;;;;;;
P-01-2-4-6;;;;;;
P-01-2-4-5;;;;;;
P-01-2-4-3;;;;;;
P-01-5-2-2;;;;;;
P-01-5-2-3;;;;;;
P-01-5-2-1;;;;;;
2-N7-604-5;;;;;;
2-N1-302-5;;;;;;
P-01-2-1-4;;;;;;
P-01-2-1-6;;;;;;
2-N3-204-6;;;;;;
P-01-2-1-2;;;;;;
P-01-5-2-4;;;;;;
2-N1-201-6;;;;;;
2-N5-202-4;;;;;;
2-N1-201-5;;;;;;
P-01-2-1-3;;;;;;
2-N3-205-5;;;;;;
2-M3-501-6;;;;;;
2-N11-505-5;;;;;;
M-01-7-12;;;;;;
2-M3-705;;;;;;
2-N7-301-3;;;;;;
2-N3-0;;;;;;
;;;;;;
;;;;;;
;;;;;;
3-A9-602;;;;;;
2-M3-104-3;;;;;;
2-L7-403-5;;;;;;
3-F1-402;;;;;;
2-N11-804-6;;;;;;
3-F9-501;;;;;;
3-A5-301;;;;;;
2-N7-703-1;;;;;;
2-O3-805-4;;;;;;
2-O5-704-4;;;;;;
;;;;;;
2-L4-104;;;;;;
pickware_unknown_location;;;;;;
N-01-0-1-4;;;;;;
3-A1-201;;;;;;
3-F9-502;;;;;;
2-N17-601-5;;;;;;
2-L7-604;;;;;;
pickware_unknown_location;;;;;;
2-K4-404-3;;;;;;
2-L2-202;;;;;;
2-K5-703;;;;;;
;;;;;;
3-A7-301;;;;;;
;;;;;;
;;;;;;
pickware_unknown_location;;;;;;
3-F10-803;;;;;;
3-F10-802;;;;;;
;;;;;;
;;;;;;
;;;;;;
2-N3-601-1;;;;;;
3-F9-403;;;;;;
;;;;;;
L-16-4-5-3;;;;;;
;;;;;;
;;;;;;
2-K5-507;;;;;;
;;;;;;
2-N7-105;;;;;;
pickware_unknown_location;;;;;;
2-K5-704-3;;;;;;
;;;;;;
2-N17-503-3;;;;;;
3-H2-405;;;;;;
pickware_unknown_location;;;;;;
3-H2-202;;;;;;
3-H2-201;;;;;;
3-E2-602;;;;;;
3-E2-601;;;;;;
3-E2-302;;;;;;
3-E2-301;;;;;;
3-H5-407;;;;;;
pickware_unknown_location;;;;;;
pickware_unknown_location;;;;;;
pickware_unknown_location;;;;;;
pickware_unknown_location;;;;;;
pickware_unknown_location;;;;;;
pickware_unknown_location;;;;;;
N-01-5-5-4;;;;;;
;;;;;;
;;;;;;
2-I5-102;;;;;;
2-I5-101;;;;;;
2-G3-401;;;;;;
2-G1-401;;;;;;
2-H3-801;;;;;;
;;;;;;
pickware_unknown_location;;;;;;
pickware_unknown_location;;;;;;
